<chapter xmlns="http://docbook.org/ns/docbook" version="5.0">
<title>Test Chapter</title>
<para>
This is a paragraph in the test chapter. It is unremarkable in
every regard. This is a paragraph in the test chapter. It is
unremarkable in every regard. This is a paragraph in the test
chapter. It is unremarkable in every regard.
</para>
<para><title>Paragraph With Inlines</title>
<emphasis role="bold">This</emphasis> paragraph contains
<emphasis>some <emphasis>emphasized</emphasis> text</emphasis>
and a <superscript>super</superscript>script
and a <subscript>sub</subscript>script.
</para>
<para>
This is a paragraph in the test chapter. It is unremarkable in
every regard. This is a paragraph in the test chapter. It is
unremarkable in every regard. This is a paragraph in the test
chapter. It is unremarkable in every regard.
</para>
</chapter>

