<patterns>
  <pattern name="db.bibliography.inlines">Bibliography&#160;inlines</pattern>
  <pattern name="db.computeroutput.inlines">Computer-output&#160;inlines</pattern>
  <pattern name="db.error.inlines">Error&#160;inlines</pattern>
  <pattern name="db.graphic.inlines">Graphic&#160;inlines</pattern>
  <pattern name="db.gui.inlines">GUI&#160;inlines</pattern>
<!--
  <pattern name="db.htmlform.inlines">HTML&#160;Form&#160;inlines</pattern>
-->
  <pattern name="db.indexing.inlines">Indexing&#160;inlines</pattern>
  <pattern name="db.keyboard.inlines">Keyboard&#160;inlines</pattern>
  <pattern name="db.link.inlines">Linking&#160;inlines</pattern>
  <pattern name="db.markup.inlines">Markup&#160;inlines</pattern>
  <pattern name="db.math.inlines">Math&#160;inlines</pattern>
  <pattern name="db.oo.inlines">Object-oriented&#160;programming&#160;inlines</pattern>
  <pattern name="db.os.inlines">Operating&#160;system&#160;inlines</pattern>
  <pattern name="db.product.inlines">Product&#160;inlines</pattern>
  <pattern name="db.programming.inlines">Programming&#160;inlines</pattern>
  <pattern name="db.publishing.inlines">Publishing&#160;inlines</pattern>
  <pattern name="db.technical.inlines">Technical&#160;inlines</pattern>
  <pattern name="db.ubiq.inlines">Ubiquitous&#160;inlines</pattern>
  <pattern name="db.userinput.inlines">User-input&#160;inlines</pattern>
  <pattern name="db.admonition.blocks">Admonition&#160;elements</pattern>
  <pattern name="db.formal.blocks">Formal&#160;elements</pattern>
  <pattern name="db.graphic.blocks">Graphic&#160;elements</pattern>
<!--
  <pattern name="db.htmlform.blocks">HTML&#160;Form&#160;elements</pattern>
-->
  <pattern name="db.info.elements">“Info”&#160;elements</pattern>
  <pattern name="db.informal.blocks">Informal&#160;elements</pattern>
  <pattern name="db.list.blocks">List&#160;elements</pattern>
  <pattern name="db.para.blocks">Paragraph&#160;elements</pattern>
  <pattern name="db.publishing.blocks">Publishing&#160;elements</pattern>
  <pattern name="db.synopsis.blocks">Synopsis&#160;elements</pattern>
  <pattern name="db.technical.blocks">Technical&#160;elements</pattern>
  <pattern name="db.verbatim.blocks">Verbatim&#160;elements</pattern>
</patterns>
