<seealso>
  <group title="traditional publishing inlines">

    <elem name="abbrev"/>
    <elem name="acronym"/>
    <elem name="emphasis"/>
    <elem name="phrase"/>
    <elem name="quote"/>
    <elem name="foreignphrase"/>
    <elem name="wordasword"/>
    <elem name="phrase"/>

  </group>
  <group title="cross references 1">

    <elem name="citation"/>
    <elem name="citerefentry"/>
    <elem name="citetitle"/>
    <elem name="citebiblioid"/>

  </group>
  <group title="cross references 2">

    <elem name="anchor"/>
    <elem name="link"/>
    <elem name="olink"/>
    <elem name="link"/>
    <elem name="xref"/>

  </group>
  <group title="cross references 3">

    <elem name="firstterm"/>
    <elem name="glossterm"/>

  </group>
  <group title="glossary">

    <elem name="glossdef"/>
    <elem name="glosssee"/>
    <elem name="glossseealso"/>

  </group>
  <group title="error messages">
  
    <elem name="errortype"/>
    <elem name="errorcode"/>
    <elem name="errorname"/>
    <elem name="errortext"/>
    <elem name="msgset"/>

  </group>
  <group title="technical markup">

    <elem name="literal"/>
    <elem name="markup"/>
    <elem name="prompt"/>
    <elem name="replaceable"/>
    <elem name="tag"/>
    <elem name="computeroutput"/>
    <elem name="userinput"/>
    <elem name="constant"/>
    <elem name="varname"/>
    <elem name="option"/>
    <elem name="optional"/>
    <elem name="parameter"/>

  </group>
  <group title="mathematics">

    <elem name="inlineequation"/>
    <elem name="informalequation"/>
    <elem name="equation"/>
    <elem name="subscript"/>
    <elem name="superscript"/>

  </group>
  <group title="user interface">

    <elem name="accel"/>
    <elem name="guibutton"/>
    <elem name="guiicon"/>
    <elem name="guilabel"/>
    <elem name="guimenu"/>
    <elem name="guimenuitem"/>
    <elem name="guisubmenu"/>
    <elem name="keycap"/>
    <elem name="keycode"/>
    <elem name="keycombo"/>
    <elem name="keysym"/>
    <elem name="menuchoice"/>
    <elem name="mousebutton"/>
    <elem name="shortcut"/>

  </group>
  <group title="literals">

    <elem name="command"/>
    <elem name="replaceable"/>
    <elem name="varname"/>
    <elem name="constant"/>
    <elem name="literal"/>

  </group>
  <group title="source code">

    <elem name="property"/>
    <elem name="symbol"/>
    <elem name="token"/>
    <elem name="type"/>
    <elem name="classname"/>

  </group>
  <group title="operating system">

    <elem name="envar"/>
    <elem name="filename"/>
    <elem name="prompt"/>
    <elem name="systemitem"/>
    <elem name="computeroutput"/>
    <elem name="userinput"/>

  </group>
  <group title="things">

    <elem name="application"/>
    <elem name="productname"/>
    <elem name="database"/>
    <elem name="filename"/>
    <elem name="hardware"/>

  </group>
  <group title="product names">

    <elem name="productname"/>
    <elem name="trademark"/>
    <elem name="copyright"/>

  </group>
  <group title="tables">

    <elem name="informaltable"/>
    <elem name="table"/>
    <elem name="colspec"/>
    <elem name="entry"/>
    <elem name="entrytbl"/>
    <elem name="row"/>
    <elem name="spanspec"/>
    <elem name="tbody"/>
    <elem name="tfoot"/>
    <elem name="tgroup"/>
    <elem name="thead"/>

  </group>
  <group title="addresses">

    <elem name="email"/>
    <elem name="otheraddr"/>
    <elem name="country"/>
    <elem name="fax"/>
    <elem name="address"/>
    <elem name="city"/>
    <elem name="street"/>
    <elem name="postcode"/>
    <elem name="pob"/>
    <elem name="state"/>
    <elem name="phone"/>

  </group>
  <group title="funcsynopsis">

    <elem name="function"/>
    <elem name="parameter"/>
    <elem name="returnvalue"/>
    <elem name="paramdef"/>
    <elem name="varargs"/>
    <elem name="void"/>
    <elem name="funcdef"/>
    <elem name="funcparams"/>
    <elem name="funcprototype"/>
    <elem name="funcsynopsisinfo"/>

  </group>
  <group title="cmdsynopsis">

    <elem name="arg"/>
    <elem name="cmdsynopsis"/>
    <elem name="group"/>
    <elem name="synopfragment"/>
    <elem name="synopfragmentref"/>
    <elem name="refsynopsisdiv"/>
    <elem name="sbr"/>

  </group>
  <group title="synopsis">

    <elem name="synopsis"/>
    <elem name="cmdsynopsis"/>
    <elem name="funcsynopsis"/>

  </group>
  <group title="callouts">

    <elem name="screenco"/>
    <elem name="programlistingco"/>
    <elem name="co"/>
    <elem name="coref"/>
    <elem name="areaspec"/>
    <elem name="calloutlist"/>
    <elem name="imageobjectco"/>

  </group>
  <group title="graphics">

    <elem name="inlinemediaobject"/>
    <elem name="mediaobject"/>
    <elem name="audioobject"/>
    <elem name="caption"/>
    <elem name="videoobject"/>
    <elem name="imageobject"/>
    <elem name="textobject"/>

  </group>
  <group title="components">

    <elem name="dedication"/>
    <elem name="set"/>
    <elem name="book"/>
    <elem name="part"/>
    <elem name="partintro"/>
    <elem name="colophon"/>
    <elem name="appendix"/>
    <elem name="article"/>
    <elem name="chapter"/>
    <elem name="preface"/>

  </group>
  <group title="meta-wrappers">

    <elem name="info"/>

  </group>
  <group title="bibliography entries">

    <elem name="biblioentry"/>
    <elem name="bibliomixed"/>
    <elem name="biblioset"/>
    <elem name="bibliomset"/>
    <elem name="bibliomisc"/>

  </group>
  <group title="sections">

    <elem name="sect1"/>
    <elem name="sect2"/>
    <elem name="sect3"/>
    <elem name="sect4"/>
    <elem name="sect5"/>
    <elem name="section"/>
    <elem name="simplesect"/>
    <elem name="bridgehead"/>

  </group>
  <group title="lists">

    <elem name="calloutlist"/>
    <elem name="itemizedlist"/>
    <elem name="orderedlist"/>
    <elem name="segmentedlist"/>
    <elem name="simplelist"/>
    <elem name="variablelist"/>
    <elem name="listitem"/>

  </group>
  <group title="verbatim">

    <elem name="synopsis"/>
    <elem name="programlisting"/>
    <elem name="literallayout"/>
    <elem name="lineannotation"/>
    <elem name="screen"/>
    <elem name="screenshot"/>
    <elem name="computeroutput"/>
    <elem name="userinput"/>

  </group>
  <group title="author">

    <elem name="author"/>
    <elem name="authorgroup"/>
    <elem name="contrib"/>
    <elem name="editor"/>
    <elem name="collab"/>
    <elem name="othercredit"/>
    <elem name="personname"/>
    <elem name="personblurb"/>

  </group>
  <group title="person-meta">

    <elem name="lineage"/>
    <elem name="firstname"/>
    <elem name="honorific"/>
    <elem name="othername"/>
    <elem name="surname"/>
    <elem name="affiliation"/>

  </group>
  <group title="affiliations">

    <elem name="jobtitle"/>
    <elem name="affiliation"/>
    <elem name="shortaffil"/>
    <elem name="orgdiv"/>
    <elem name="orgname"/>

  </group>
  <group title="admonitions">

    <elem name="important"/>
    <elem name="tip"/>
    <elem name="note"/>
    <elem name="warning"/>
    <elem name="caution"/>

  </group>
  <group title="figures, examples, etc.">

    <elem name="equation"/>
    <elem name="example"/>
    <elem name="figure"/>
    <elem name="table"/>
    <elem name="informalequation"/>
    <elem name="informalexample"/>
    <elem name="informalfigure"/>
    <elem name="informaltable"/>

  </group>
  <group title="keywords">

    <elem name="subject"/>
    <elem name="subjectset"/>
    <elem name="subjectterm"/>
    <elem name="keyword"/>
    <elem name="keywordset"/>

  </group>
  <group title="paras">

    <elem name="formalpara"/>
    <elem name="para"/>
    <elem name="simpara"/>

  </group>
  <group title="titles">

    <elem name="subtitle"/>
    <elem name="title"/>
    <elem name="titleabbrev"/>

  </group>
  <group title="block things">

    <elem name="epigraph"/>
    <elem name="blockquote"/>
    <elem name="sidebar"/>
    <elem name="abstract"/>

  </group>
  <group title="blockquotes">

    <elem name="epigraph"/>
    <elem name="blockquote"/>
    <elem name="attribution"/>

  </group>
  <group title="copyright">

    <elem name="trademark"/>
    <elem name="legalnotice"/>
    <elem name="copyright"/>

  </group>
  <group title="numbers">

    <elem name="biblioid"/>
    <elem name="issuenum"/>
    <elem name="productnumber"/>
    <elem name="seriesvolnums"/>
    <elem name="volumenum"/>

  </group>
  <group title="conference meta">

    <elem name="confdates"/>
    <elem name="confgroup"/>
    <elem name="confnum"/>
    <elem name="confsponsor"/>
    <elem name="conftitle"/>
    <elem name="contractnum"/>
    <elem name="contractsponsor"/>

  </group>
  <group title="date meta">

    <elem name="printhistory"/>
    <elem name="pubdate"/>
    <elem name="revhistory"/>
    <elem name="date"/>
    <elem name="releaseinfo"/>
    <elem name="edition"/>

  </group>
  <group title="refentry names">

    <elem name="refdescriptor"/>
    <elem name="refname"/>
    <elem name="refentrytitle"/>

  </group>
  <group title="refentry sections">

    <elem name="refnamediv"/>
    <elem name="refsynopsisdiv"/>
    <elem name="refsect1"/>
    <elem name="refsect2"/>
    <elem name="refsect3"/>
    <elem name="refsection"/>

  </group>
  <group title="orgnames">

    <elem name="publishername"/>
    <elem name="orgname"/>

  </group>
  <group title="index terms">

    <elem name="indexterm"/>
    <elem name="indexentry"/>
    <elem name="primary"/>
    <elem name="primaryie"/>
    <elem name="secondary"/>
    <elem name="secondaryie"/>
    <elem name="tertiary"/>
    <elem name="tertiaryie"/>
    <elem name="see"/>
    <elem name="seealso"/>
    <elem name="seealsoie"/>
    <elem name="seeie"/>

  </group>
  <group title="tocs">

    <elem name="toc"/>
    <elem name="tocdiv"/>
    <elem name="tocentry"/>

  </group>
</seealso>
