<list>
<!-- These are the elements that should be included in this book -->
<item>_any.docbook</item>
<item>_any.mml</item>
<item>_any.svg</item>
<item>_any</item>
<item>_emphasis</item>
<item>_firstterm</item>
<item>_foreignphrase</item>
<item>_glossterm</item>
<item>_phrase</item>
<item>_quote</item>
<item>abbrev</item>
<item>abstract</item>
<item>accel</item>
<item>acknowledgements</item>
<item>acronym</item>
<item>address</item>
<item>affiliation</item>
<item>alt</item>
<item>anchor</item>
<item>annotation</item>
<item>answer</item>
<item>appendix</item>
<item>application</item>
<item>arc</item>
<item>area.inareaset</item>
<item>area</item>
<item>areaset</item>
<item>areaspec</item>
<item>arg</item>
<item>article</item>
<item>artpagenums</item>
<item>assembly</item>
<item>association</item>
<item>attribution</item>
<item>audiodata</item>
<item>audioobject</item>
<item>author</item>
<item>authorgroup</item>
<item>authorinitials</item>
<item>bibliocoverage</item>
<item>bibliodiv</item>
<item>biblioentry</item>
<item>bibliography</item>
<item>biblioid</item>
<item>bibliolist</item>
<item>bibliomisc</item>
<item>bibliomixed</item>
<item>bibliomset</item>
<item>biblioref</item>
<item>bibliorelation</item>
<item>biblioset</item>
<item>bibliosource</item>
<item>blockquote</item>
<item>book</item>
<item>bridgehead</item>
<item>callout</item>
<item>calloutlist</item>
<item>caption</item>
<item>caution</item>
<item>chapter</item>
<item>citation</item>
<item>citebiblioid</item>
<item>citerefentry</item>
<item>citetitle</item>
<item>city</item>
<item>classname</item>
<item>classsynopsis</item>
<item>classsynopsisinfo</item>
<item>cmdsynopsis</item>
<item>co</item>
<item>code</item>
<item>collab</item>
<item>colophon</item>
<item>colspec</item>
<item>command</item>
<item>computeroutput</item>
<item>confdates</item>
<item>confgroup</item>
<item>confnum</item>
<item>confsponsor</item>
<item>conftitle</item>
<item>constant</item>
<item>constraint</item>
<item>constraintdef</item>
<item>constructorsynopsis</item>
<item>contractnum</item>
<item>contractsponsor</item>
<item>contrib</item>
<item>copyright</item>
<item>coref</item>
<item>country</item>
<item>cover</item>
<item>database</item>
<item>date</item>
<item>dedication</item>
<item>description</item>
<item>destructorsynopsis</item>
<item>edition</item>
<item>editor</item>
<item>email</item>
<item>emphasis</item>
<item>entry</item>
<item>entrytbl.row</item>
<item>entrytbl.tbody</item>
<item>entrytbl.thead</item>
<item>entrytbl</item>
<item>envar</item>
<item>epigraph</item>
<item>equation</item>
<item>errorcode</item>
<item>errorname</item>
<item>errortext</item>
<item>errortype</item>
<item>example</item>
<item>exceptionname</item>
<item>extendedlink</item>
<item>fax</item>
<item>fieldsynopsis</item>
<item>figure</item>
<item>filename</item>
<item>filterin</item>
<item>filterout</item>
<item>firstname</item>
<item>firstterm</item>
<item>footnote</item>
<item>footnoteref</item>
<item>foreignphrase</item>
<item>formalpara</item>
<item>funcdef</item>
<item>funcparams</item>
<item>funcprototype</item>
<item>funcsynopsis</item>
<item>funcsynopsisinfo</item>
<item>function</item>
<item>givenname</item>
<item>glossary</item>
<item>glossdef</item>
<item>glossdiv</item>
<item>glossentry</item>
<item>glosslist</item>
<item>glosssee</item>
<item>glossseealso</item>
<item>glossterm</item>
<item>group.methodparam</item>
<item>group.paramdef</item>
<item>group</item>
<item>guibutton</item>
<item>guiicon</item>
<item>guilabel</item>
<item>guimenu</item>
<item>guimenuitem</item>
<item>guisubmenu</item>
<item>hardware</item>
<item>holder</item>
<item>honorific</item>
<item>html.caption</item>
<item>html.col</item>
<item>html.colgroup</item>
<item>html.informaltable</item>
<item>html.table</item>
<item>html.tbody</item>
<item>html.td</item>
<item>html.tfoot</item>
<item>html.th</item>
<item>html.thead</item>
<item>html.tr</item>
<item>imagedata.mathml</item>
<item>imagedata.svg</item>
<item>imagedata</item>
<item>imageobject</item>
<item>imageobjectco</item>
<item>important</item>
<item>index</item>
<item>indexdiv</item>
<item>indexentry</item>
<item>indexterm.endofrange</item>
<item>indexterm.singular</item>
<item>indexterm.startofrange</item>
<item>info</item>
<item>informalequation</item>
<item>informalexample</item>
<item>informalfigure</item>
<item>informaltable</item>
<item>initializer</item>
<item>inlineequation</item>
<item>inlinemediaobject</item>
<item>instance</item>
<item>interfacename</item>
<item>issuenum</item>
<item>itemizedlist</item>
<item>itermset</item>
<item>jobtitle</item>
<item>keycap</item>
<item>keycode</item>
<item>keycombo</item>
<item>keysym</item>
<item>keyword</item>
<item>keywordset</item>
<item>label</item>
<item>legalnotice</item>
<item>lhs</item>
<item>lineage</item>
<item>lineannotation</item>
<item>link</item>
<item>listitem</item>
<item>literal</item>
<item>literallayout</item>
<item>locator</item>
<item>manvolnum</item>
<item>markup</item>
<item>mathphrase</item>
<item>mediaobject</item>
<item>member</item>
<item>menuchoice</item>
<item>merge</item>
<item>methodname</item>
<item>methodparam</item>
<item>methodsynopsis</item>
<item>modifier</item>
<item>module</item>
<item>mousebutton</item>
<item>msg</item>
<item>msgaud</item>
<item>msgentry</item>
<item>msgexplan</item>
<item>msginfo</item>
<item>msglevel</item>
<item>msgmain</item>
<item>msgorig</item>
<item>msgrel</item>
<item>msgset</item>
<item>msgsub</item>
<item>msgtext</item>
<item>multimediaparam</item>
<item>nonterminal</item>
<item>note</item>
<item>olink</item>
<item>ooclass</item>
<item>ooexception</item>
<item>oointerface</item>
<item>option</item>
<item>optional</item>
<item>orderedlist</item>
<item>org</item>
<item>orgdiv</item>
<item>orgname</item>
<item>otheraddr</item>
<item>othercredit</item>
<item>othername</item>
<item>output</item>
<item>package</item>
<item>pagenums</item>
<item>para</item>
<item>paramdef</item>
<item>parameter</item>
<item>part</item>
<item>partintro</item>
<item>person</item>
<item>personblurb</item>
<item>personname</item>
<item>phone</item>
<item>phrase</item>
<item>pob</item>
<item>postcode</item>
<item>preface</item>
<item>primary</item>
<item>primaryie</item>
<item>printhistory</item>
<item>procedure</item>
<item>production</item>
<item>productionrecap</item>
<item>productionset</item>
<item>productname</item>
<item>productnumber</item>
<item>programlisting</item>
<item>programlistingco</item>
<item>prompt</item>
<item>property</item>
<item>pubdate</item>
<item>publisher</item>
<item>publishername</item>
<item>qandadiv</item>
<item>qandaentry</item>
<item>qandaset</item>
<item>question</item>
<item>quote</item>
<item>refclass</item>
<item>refdescriptor</item>
<item>refentry</item>
<item>refentrytitle</item>
<item>reference</item>
<item>refmeta</item>
<item>refmiscinfo</item>
<item>refname</item>
<item>refnamediv</item>
<item>refpurpose</item>
<item>refsect1</item>
<item>refsect2</item>
<item>refsect3</item>
<item>refsection</item>
<item>refsynopsisdiv</item>
<item>relationship</item>
<item>relationships</item>
<item>releaseinfo</item>
<item>remark</item>
<item>replaceable</item>
<item>resource</item>
<item>resources</item>
<item>result</item>
<item>returnvalue</item>
<item>revdescription</item>
<item>revhistory</item>
<item>revision</item>
<item>revnumber</item>
<item>revremark</item>
<item>rhs</item>
<item>row</item>
<item>sbr</item>
<item>screen</item>
<item>screenco</item>
<item>screenshot</item>
<item>secondary</item>
<item>secondaryie</item>
<item>sect1</item>
<item>sect2</item>
<item>sect3</item>
<item>sect4</item>
<item>sect5</item>
<item>section</item>
<item>see</item>
<item>seealso</item>
<item>seealsoie</item>
<item>seeie</item>
<item>seg</item>
<item>seglistitem</item>
<item>segmentedlist</item>
<item>segtitle</item>
<item>seriesvolnums</item>
<item>set</item>
<item>setindex</item>
<item>shortaffil</item>
<item>shortcut</item>
<item>sidebar</item>
<item>simpara</item>
<item>simplelist</item>
<item>simplemsgentry</item>
<item>simplesect</item>
<item>spanspec</item>
<item>state</item>
<item>step</item>
<item>stepalternatives</item>
<item>street</item>
<item>structure</item>
<item>subject</item>
<item>subjectset</item>
<item>subjectterm</item>
<item>subscript</item>
<item>substeps</item>
<item>subtitle</item>
<item>superscript</item>
<item>surname</item>
<item>symbol</item>
<item>synopfragment</item>
<item>synopfragmentref</item>
<item>synopsis</item>
<item>systemitem</item>
<item>table</item>
<item>tag</item>
<item>task</item>
<item>taskprerequisites</item>
<item>taskrelated</item>
<item>tasksummary</item>
<item>tbody</item>
<item>term</item>
<item>termdef</item>
<item>tertiary</item>
<item>tertiaryie</item>
<item>textdata</item>
<item>textobject</item>
<item>tfoot</item>
<item>tgroup</item>
<item>thead</item>
<item>tip</item>
<item>title</item>
<item>titleabbrev</item>
<item>titleforbidden.info</item>
<item>titleonly.info</item>
<item>titleonlyreq.info</item>
<item>titlereq.info</item>
<item>toc</item>
<item>tocdiv</item>
<item>tocentry</item>
<item>token</item>
<item>topic</item>
<item>trademark</item>
<item>transform</item>
<item>transforms</item>
<item>type</item>
<item>uri</item>
<item>userinput</item>
<item>varargs</item>
<item>variablelist</item>
<item>varlistentry</item>
<item>varname</item>
<item>videodata</item>
<item>videoobject</item>
<item>void</item>
<item>volumenum</item>
<item>warning</item>
<item>wordasword</item>
<item>xref</item>
<item>year</item>
</list>
