<partintro xmlns='http://docbook.org/ns/docbook'
           xmlns:xlink="http://www.w3.org/1999/xlink"
	   xml:id="part.intro.elements">
<info>
  <pubdate>$Date$</pubdate>
  <releaseinfo>$Revision$</releaseinfo>
</info>

    <para><indexterm>
        <primary>reference pages</primary>

        <secondary>element reference</secondary>
      </indexterm><indexterm>
        <primary>element reference</primary>
      </indexterm><indexterm>
        <primary>elements</primary>

        <secondary>reference</secondary>
      </indexterm><indexterm>
        <primary>DocBook</primary>

        <secondary>elements</secondary>

        <tertiary>reference</tertiary>
      </indexterm>This reference describes every element in DocBook
    <acronym>V5.0</acronym>.</para>

    <section xml:id="s.elem.org"><info><title>Organization of Reference Pages</title></info>
      

      <para>The description of each element in this reference is divided into
      the following sections:</para>

      <variablelist>
        <varlistentry>
          <term>Synopsis</term>

          <listitem>
            <para><indexterm>
                <primary>elements</primary>

                <secondary>reference</secondary>

                <tertiary>synopses</tertiary>
              </indexterm><indexterm>
                <primary>synopses</primary>

                <secondary>elements (reference pages)</secondary>
              </indexterm><indexterm>
                <primary>content models</primary>

                <secondary>elements, reference</secondary>
              </indexterm>Provides a quick synopsis of the element. The
            content of the synopsis varies according to the nature of the
            element described, but may include any or all of the following
            sections:</para>

            <variablelist>
              <varlistentry>
                <term>Content Model</term>

                <listitem>
                  <para>Describes the content model of the element, the
                  mixture of things that it can contain. See <xref linkend="s2-cmintro"/>.</para>
                </listitem>
              </varlistentry>

              <varlistentry>
                <term>Attributes</term>

                <listitem>
                  <para><indexterm>
                      <primary>attributes</primary>

                      <secondary>elements, referencing</secondary>
                    </indexterm>Provides a synopsis of the attributes on the
                  element. For brevity, common attributes are described only
                  once, <link linkend="common.attributes">in this
                  introduction</link>. Likewise, common linking attributes are
                  <link linkend="common.linking.attributes">described
                  once</link>.</para>
                </listitem>
              </varlistentry>

              <varlistentry>
                <term>Additional Constraints</term>

                <listitem>
                  <para>Provides a synopsis of any additional constraints on
                  the element. These constraints are expressed using
                  Schematron in the RELAX NG grammar.</para>
                </listitem>
              </varlistentry>

              <varlistentry>
                <term>Description</term>

                <listitem>
                  <para><indexterm>
                      <primary>elements</primary>

                      <secondary>description, semantics</secondary>
                    </indexterm> <indexterm>
                      <primary>semantics (elements), describing</primary>
                    </indexterm>Describes the semantics of the element.</para>

                  <variablelist>
                    <varlistentry>
                      <term>Processing expectations</term>

                      <listitem>
                        <para><indexterm>
                            <primary>processing expectations</primary>
                          </indexterm><indexterm>
                            <primary>formatting elements</primary>
                          </indexterm> <indexterm>
                            <primary>elements</primary>

                            <secondary>processing expectations</secondary>
                          </indexterm>Summarizes specific formatting
                        expectations of the element. Many processing
                        expectations are influenced by attribute values. Be
                        sure to consult the description of element attributes
                        as well.</para>
                      </listitem>
                    </varlistentry>

                    <varlistentry>
                      <term>Future changes</term>

                      <listitem>
                        <para><indexterm>
                            <primary>DocBook</primary>

                            <secondary>changes, future versions</secondary>
                          </indexterm> <indexterm>
                            <primary>compatibility, DocBook versions</primary>
                          </indexterm> <indexterm>
                            <primary>versions</primary>

                            <secondary>DocBook</secondary>

                            <tertiary>future changes</tertiary>
                          </indexterm>Identifies changes that are scheduled
                        for future versions of the schema. These changes are
                        highlighted because they involve some backward <phrase role="keep-together">incompatibility</phrase> that may
                        make currently valid DocBook documents no longer valid
                        under the new version.</para>
                      </listitem>
                    </varlistentry>
                  </variablelist>
                </listitem>
              </varlistentry>
            </variablelist>
          </listitem>
        </varlistentry>

        <varlistentry>
          <term>Attributes</term>

          <listitem>
            <para><indexterm>
                <primary>attributes</primary>

                <secondary>semantics</secondary>
              </indexterm>Describes the semantics of each attribute.</para>
          </listitem>
        </varlistentry>

        <varlistentry>
          <term>See Also</term>

          <listitem>
            <para>Lists similar or related elements. <indexterm>
                <primary>cross-references</primary>

                <secondary>elements</secondary>
              </indexterm></para>
          </listitem>
        </varlistentry>

        <varlistentry>
          <term>Examples</term>

          <listitem>
            <para><indexterm>
                <primary>elements</primary>

                <secondary>proper usage, examples</secondary>
              </indexterm>Provides examples of proper usage for the element.
            Generally, the smallest example required to reasonably demonstrate
            the element is used. In many cases, a formatted version of the
            example is also shown.</para>

            <para>All of the examples in the book are valid according to the
            RELAX NG grammar.</para>

            <para>Formatted examples are indicated using a vertical
            bar.</para>
          </listitem>
        </varlistentry>
      </variablelist>

      <section xml:id="s2-cmintro"><info><title>Understanding Content Models</title></info>
        

        <para><indexterm>
            <primary>content models</primary>

            <secondary>overview</secondary>
          </indexterm>Each element synopsis begins with a description of its
        content model. Content models are the way that grammars describe the
        name, number, and order of other elements that may be used inside an
        element.</para>

        <section condition="compact" xml:id="s3-cmintro-notation"><info><title>Content model notation</title></info>
          

          <para>Presenting the content models is an editorial challenge.
          Presenting the RELAX NG patterns would be easy and absolutely
          correct, but would only be valuable to readers who understand both
          RELAX NG and the patterns in the schema. Presenting the RELAX NG
          patterns <quote>fully expanded</quote> to just element and attribute
          names would remove the requirement to understand the patterns, but
          the result is so verbose that it completely obscures the actual
          meaning.</para>

          <para>On the Web and in other interactive media, it’s possible to
          format the content models in a <quote>natural language</quote> list
          format with names that can be expanded to show more detail. That
          format is useful even without the ability to expand patterns
          interactively. Unfortunately, that presentation occupies significant
          vertical space and, were it used, this book would run to more than a
          thousand pages. That’s not really practical.</para>

          <para>Instead, we compromise with a compact syntax reminiscent of
          DTD syntax. It’s not any sort of standard, but it has the dual
          advantages of being reasonably concise and reasonably easy to
          understand:</para>

          <variablelist>
            <varlistentry>
              <term>name</term>

              <listitem>
                <para>A <literal>name</literal> is the name of a DocBook
                element.</para>
              </listitem>
            </varlistentry>

            <varlistentry>
              <term>( )</term>

              <listitem>
                <para>Parentheses delimit groups.</para>
              </listitem>
            </varlistentry>

            <varlistentry>
              <term>*, +, ?</term>

              <listitem>
                <para>Symbols appear after names and groups to indicate how
                many occurrences are allowed. If a
                <quote><literal>*</literal></quote> is present, zero or more
                occurrences are allowed; if a
                <quote><literal>+</literal></quote> is present, one or more
                occurrences are allowed; if a
                <quote><literal>?</literal></quote> is present, the symbol may
                occur zero or one time; if no symbol is present, exactly one
                occurrence is allowed.</para>
              </listitem>
            </varlistentry>

            <varlistentry>
              <term>|</term>

              <listitem>
                <para>A vertical bar indicates a choice. Either the item that
                precedes or the item that follows the bar is allowed.</para>
              </listitem>
            </varlistentry>

            <varlistentry>
              <term>&amp;</term>

              <listitem>
                <para>An ampersand indicates an <quote>interleave.</quote>
                Both the item that precedes and the item that follows the
                <literal>&amp;</literal> are allowed, but they may occur in
                any order.</para>
              </listitem>
            </varlistentry>

            <varlistentry>
              <term>,</term>

              <listitem>
                <para>A comma separates items in a sequence. Both the item
                that precedes and the item that follows the
                <quote><literal>,</literal></quote> are allowed, and they must
                occur in that order.</para>
              </listitem>
            </varlistentry>
          </variablelist>

          <para>Here are a few examples:<indexterm>
              <primary>examples</primary>

              <secondary>content model</secondary>
            </indexterm><indexterm>
              <primary>content models</primary>

              <secondary>examples</secondary>
            </indexterm></para>

          <variablelist>
            <varlistentry>
              <term><literal>A</literal></term>

              <listitem>
                <para>Exactly one <quote>A</quote> element is allowed.</para>
              </listitem>
            </varlistentry>

            <varlistentry>
              <term><literal>A | B | C</literal></term>

              <listitem>
                <para>Exactly one <quote>A</quote>, or exactly one
                <quote>B</quote>, or exactly one <quote>C</quote> is
                allowed.</para>
              </listitem>
            </varlistentry>

            <varlistentry>
              <term><literal>A,B,C</literal></term>

              <listitem>
                <para>Exactly one <quote>A</quote>, followed by exactly one
                <quote>B</quote>, followed by exactly one <quote>C</quote> is
                <phrase role="keep-together">allowed</phrase>.</para>
              </listitem>
            </varlistentry>

            <varlistentry>
              <term><literal>A &amp; B &amp; C</literal></term>

              <listitem>
                <para>Exactly one <quote>A</quote> and exactly one
                <quote>B</quote> and exactly one <quote>C</quote> is allowed
                <emphasis>in any order</emphasis>. This pattern allows
                <literal>&lt;A/&gt;&lt;B/&gt;&lt;C/&gt;</literal>,
                <literal>&lt;B/&gt;&lt;C/&gt;&lt;A/&gt;</literal>,
                <literal>&lt;C/&gt;&lt;A/&gt;&lt;B/&gt;</literal>, etc. but
                does not allow
                <literal>&lt;A/&gt;&lt;A/&gt;&lt;C/&gt;</literal> or
                <literal>&lt;A/&gt;&lt;B/&gt;</literal>.</para>
              </listitem>
            </varlistentry>

            <varlistentry>
              <term><literal>A+,B*,C?</literal></term>

              <listitem>
                <para>At least one, but possibly more than one
                <quote>A</quote>, followed by zero or more <quote>B</quote>s,
                followed by an optional (zero or one) <quote>C</quote> is
                allowed.</para>
              </listitem>
            </varlistentry>

            <varlistentry>
              <term><literal>A,(B|C)+,D</literal></term>

              <listitem>
                <para>Exactly one <quote>A</quote>, followed by one or more
                <quote>B</quote> or <quote>C</quote> elements, followed by
                exactly one <quote>D</quote> is allowed. Because the group can
                be repeated, this pattern matches <literal role="keep-together">&lt;A/&gt;&lt;B/&gt;&lt;D/&gt;</literal>,
                <literal>&lt;A/&gt;&lt;C/&gt;&lt;D/&gt;</literal>,
                <literal>&lt;A/&gt;&lt;B/&gt;&lt;C/&gt;&lt;D/&gt;</literal>,
                <literal>&lt;A/&gt;&lt;B/&gt;&lt;C/&gt;&lt;C/&gt;&lt;C/&gt;&lt;D/&gt;</literal>,
                etc.</para>
              </listitem>
            </varlistentry>
          </variablelist>

          <para>Some element names are defined by more than one pattern. When
          this is the case, the name of the pattern is explicitly shown in a
          superscript following the name.</para>

          <para>In order to avoid long, repetitive lists of element names,
          similar items are grouped together and only the name of the group is
          given. For example, a <tag>para</tag> may contain the
          <quote>Bibliography inlines,</quote> the <quote>Error
          inlines,</quote> etc. The author has the choice of using any of the
          elements belonging to the group. A summary of the groups
          is presented in <xref linkend="cm-patterns"/>.</para>
        </section>

        <section xml:id="s.elem.contentmodels"><info><title>Content models and validity</title></info>
          

          <para><indexterm>
              <primary>validating</primary>

              <secondary>content models, matching to elements</secondary>
            </indexterm> <indexterm>
              <primary>elements</primary>

              <secondary>validating</secondary>
            </indexterm>A validator uses the content models to determine if a
          given document is valid. In order for a document to be valid, the
          content of every element in the document must <quote>match</quote>
          the content model for that element.</para>

          <para>In practical terms, <quote>match</quote> means that it must be
          possible to expand the content model until it exactly matches the
          sequence of elements in the document.</para>

          <para>For example, consider the content model of the
          <tag>epigraph</tag>:</para>

          <para><tag>epigraph</tag> ::=
          (<tag>info</tag>?<superscript>db.titleforbidden.info</superscript>,
          <tag>attribution</tag>?,(<tag>literallayout</tag> |
          <emphasis>Paragraph elements</emphasis>)+)</para>

          <para>Does the following example <quote>match</quote> that content
          model?</para>

          <screen>&lt;epigraph&gt;
&lt;para&gt;Some text&lt;/para&gt;
&lt;/epigraph&gt;</screen>

          <para>Yes, it is valid because the following expansion of the
          content model exactly matches the actual content: choose zero
          occurrences of <tag>info</tag>, choose zero occurrences of
          <tag role="keep-together">attribution</tag>, choose the
          alternative <tag>para</tag> from the
          <quote><emphasis>Paragraph elements</emphasis></quote> choice, and
          choose to let the <quote>one or more</quote> match once.</para>

          <para>By the same token, this example is not valid because there is
          no expansion of the content model that can match it:</para>

          <screen>&lt;epigraph&gt;
&lt;para&gt;Some text&lt;/para&gt;
&lt;attribution&gt;John Doe&lt;/attribution&gt;
&lt;/epigraph&gt;</screen>
        </section>
      </section>
    </section>

<section xml:id="common.attributes">
<title>Common Attributes</title>

<para><indexterm zone="common.attributes">
<primary>attributes</primary>
<secondary>common</secondary>
</indexterm><indexterm zone="common.attributes">
<primary>common attributes</primary>
</indexterm>There are many <quote>common attributes</quote> that occur
on every DocBook element. They are summarized here for brevity and to
make the additional attributes that occur on many elements stand
out.</para>

<?common-general-attributes?>

<section xml:id="common.effectivity.attributes">
<title>Common Effectivity Attributes</title>

<para><indexterm zone="common.effectivity.attributes">
  <primary>effectivity</primary>
  </indexterm><indexterm zone="common.effectivity.attributes">
  <primary>attributes</primary>
  <secondary>effectivity</secondary>
  </indexterm><indexterm zone="common.effectivity.attributes">
  <primary>effectivity attributes</primary>
</indexterm>The common attributes include a collection of
<quote>effectivity attributes.</quote> These attributes are available
for authors to identify to whom a particular element applies.
Effectivity attributes are often used for profiling: building
documents that contain information only relevant to a particular
audience.</para>

<para>For example, a section might be identified as available only to
readers with a <quote>top-secret</quote> <tag
class="attribute">security</tag> clearance or a paragraph might be
identified as affecting only users running the implementation provided
by a particular <tag class="attribute">vendor</tag>.</para>

<?common-effectivity-attributes?>

<para>The names of the effectivity attributes are suggestive of
several classes of common effectivity information. The semantically
neutral <tag class="attribute">condition</tag> attribute was added to
give authors a place to put values that don’t fit neatly into one of
the other alternatives.</para>

<para>In authoring environments where many different kinds of
effectivity information are required, it’s not uncommon to see local
extensions that add new attributes. It’s also not uncommon to see
attributes used without regard to the class of information suggested
by the name.</para>
</section>

<section xml:id="common.rdfalite.attributes">
<title>Common RDFa Lite Attributes</title>

<para><indexterm zone="common.rdfalite.attributes">
  <primary>RDFa Lite</primary>
  </indexterm><indexterm zone="common.rdfalite.attributes">
  <primary>attributes</primary>
  <secondary>RDFa Lite</secondary>
  </indexterm><indexterm zone="common.rdfalite.attributes">
  <primary>RDFa Lite attributes</primary>
</indexterm>The RDFa Lite attributes incorporate support for RDFa
into DocBook.</para>

<?common-rdfalite-attributes?>

<para>See <link xlink:href="http://www.w3.org/TR/rdfa-lite/">RDFa Lite 1.1</link>
for more details about the RDFa Lite attributes.</para>

</section>
</section>

<section xml:id="common.linking.attributes">
<title>Common Linking Attributes</title>

      <para><indexterm zone="common.linking.attributes">
          <primary>attributes</primary>

          <secondary>common linking</secondary>
        </indexterm><indexterm zone="common.linking.attributes">
          <primary>linking</primary>

          <secondary>attributes</secondary>
        </indexterm><indexterm zone="common.linking.attributes">
          <primary>common linking attributes</primary>
        </indexterm>The following attributes occur on all elements that can be
      the start of a link. They are summarized here once for brevity and to
      make the additional attributes that occur on many elements stand
      out.</para>

<?common-linking-attributes?>

</section>
</partintro>
