<assembly xmlns="http://docbook.org/ns/docbook">

<resources>
  <resource xml:id="toc">
    <toc/>
  </resource>
</resources>

<resources xml:base="src/">
  <resource xml:id="alignment" fileref="alignment.xml"/>
  <resource xml:id="cables" fileref="cables.xml"/>
  <resource xml:id="cartridges" fileref="cartridges.xml"/>
  <resource xml:id="copybw" fileref="copybw.xml"/>
  <resource xml:id="copycolor" fileref="copycolor.xml"/>
  <resource xml:id="drivers" fileref="drivers.xml"/>
  <resource xml:id="paper" fileref="paper.xml"/>
  <resource xml:id="paperjam" fileref="paperjam.xml"/>
  <resource xml:id="printing" fileref="printing.xml"/>
  <resource xml:id="scanning" fileref="scanning.xml"/>
  <resource xml:id="unpacking" fileref="unpacking.xml"/>
</resources>

<structure xml:id="getting.started">
  <output renderas="article"/>
  <info>
    <title>Quick Start Guide</title>
  </info>
  <module resourceref="unpacking">
    <output renderas="section"/>
  </module>
  <module resourceref="drivers">
    <output renderas="section"/>
  </module>
  <module resourceref="cartridges">
    <output renderas="section"/>
  </module>
  <module resourceref="paper">
    <output renderas="section"/>
  </module>
  <module resourceref="cables">
    <output renderas="section"/>
  </module>
  <module resourceref="printing">
    <output renderas="section"/>
  </module>
</structure>

<structure xml:id="user.guide">
  <output renderas="book"/>
  <info>
    <title>User Guide</title>
  </info>
  <module resourceref="toc"/>

  <module resourceref="unpacking">
    <output renderas="chapter"/>
  </module>
  <module resourceref="drivers">
    <output renderas="chapter"/>
  </module>
  <module resourceref="cartridges">
    <output renderas="chapter"/>
  </module>
  <module resourceref="paper">
    <output renderas="chapter"/>
  </module>
  <module resourceref="cables">
    <output renderas="chapter"/>
  </module>
  <module resourceref="alignment">
    <output renderas="chapter"/>
  </module>
  <module resourceref="paperjam">
    <output renderas="chapter"/>
  </module>
  <module resourceref="copybw">
    <output renderas="chapter"/>
  </module>
  <module resourceref="copycolor">
    <output renderas="chapter"/>
  </module>
  <module resourceref="scanning">
    <output renderas="chapter"/>
  </module>
  <module resourceref="printing">
    <output renderas="chapter"/>
  </module>
</structure>

</assembly>
