<db:article xmlns:db="http://docbook.org/ns/docbook">
            <info xmlns="http://docbook.org/ns/docbook">
               <title>Quick Start Guide</title>
            </info>
         <db:section xmlns="http://docbook.org/ns/docbook" version="5.1" xml:id="unpacking"><info><title>Unpacking the printer</title></info>


<para>Some text.</para>
</db:section><db:section xmlns="http://docbook.org/ns/docbook" version="5.1" xml:id="drivers"><info><title>Installing print drivers</title></info>


<para>Some text.</para>
</db:section><db:section xmlns="http://docbook.org/ns/docbook" version="5.1" xml:id="cartridges"><info><title>Installing ink cartridges</title></info>


<para>Some text.</para>
</db:section><db:section xmlns="http://docbook.org/ns/docbook" version="5.1" xml:id="paper"><info><title>Installing paper</title></info>


<para>Some text.</para>
</db:section><db:section xmlns="http://docbook.org/ns/docbook" version="5.1" xml:id="cables"><info><title>Connecting the cables</title></info>


<para>Some text.</para>
</db:section><db:section xmlns="http://docbook.org/ns/docbook" version="5.1" xml:id="printing"><info><title>Printing a document</title></info>


<para>Some text.</para>
</db:section></db:article>