<db:book xmlns:db="http://docbook.org/ns/docbook">
            <info xmlns="http://docbook.org/ns/docbook">
               <title>User Guide</title>
            </info>
         
               <toc xmlns="http://docbook.org/ns/docbook"/>
            <db:chapter xmlns="http://docbook.org/ns/docbook" version="5.1" xml:id="unpacking"><info><title>Unpacking the printer</title></info>


<para>Some text.</para>
</db:chapter><db:chapter xmlns="http://docbook.org/ns/docbook" version="5.1" xml:id="drivers"><info><title>Installing print drivers</title></info>


<para>Some text.</para>
</db:chapter><db:chapter xmlns="http://docbook.org/ns/docbook" version="5.1" xml:id="cartridges"><info><title>Installing ink cartridges</title></info>


<para>Some text.</para>
</db:chapter><db:chapter xmlns="http://docbook.org/ns/docbook" version="5.1" xml:id="paper"><info><title>Installing paper</title></info>


<para>Some text.</para>
</db:chapter><db:chapter xmlns="http://docbook.org/ns/docbook" version="5.1" xml:id="cables"><info><title>Connecting the cables</title></info>


<para>Some text.</para>
</db:chapter><db:chapter xmlns="http://docbook.org/ns/docbook" version="5.1" xml:id="alignment"><info><title>Aligning the print head</title></info>


<para>Some text.</para>
</db:chapter><db:chapter xmlns="http://docbook.org/ns/docbook" version="5.1" xml:id="paperjam"><info><title>Clearing a paper jam</title></info>


<para>Some text.</para>
</db:chapter><db:chapter xmlns="http://docbook.org/ns/docbook" version="5.1" xml:id="copybw"><info><title>Copying in black and white</title></info>


<para>Some text.</para>
</db:chapter><db:chapter xmlns="http://docbook.org/ns/docbook" version="5.1" xml:id="copycolor"><info><title>Copying in color</title></info>


<para>Some text.</para>
</db:chapter><db:chapter xmlns="http://docbook.org/ns/docbook" version="5.1" xml:id="scanning"><info><title>Scanning a document</title></info>


<para>Some text.</para>
</db:chapter><db:chapter xmlns="http://docbook.org/ns/docbook" version="5.1" xml:id="printing"><info><title>Printing a document</title></info>


<para>Some text.</para>
</db:chapter></db:book>