<?xml version="1.0" encoding="utf-8"?>
<appendix xmlns="http://docbook.org/ns/docbook"
	  xmlns:xlink="http://www.w3.org/1999/xlink"
	  version="5.0" xml:id="app-resources">
<?dbhtml filename="appd.html"?>
<info>
  <title>Resources</title>
  <pubdate>$Date$</pubdate>
  <releaseinfo>$Revision$</releaseinfo>
</info>

<para><indexterm>
    <primary>XML</primary>

      <secondary>resources, reference</secondary>
    </indexterm>The quantity of information about <acronym>XML</acronym> grows
  daily. This appendix collects the references mentioned explicitly in this
  book and identifies additional resources related to DocBook and
  <acronym>XML</acronym>.</para>

  <section xml:id="latestver"><info><title>Latest Versions of DocBook Schemas</title></info>
    

    <para><indexterm>
        <primary>DocBook</primary>

        <secondary>V5.0 DTD</secondary>
      </indexterm><indexterm>
        <primary>DocBook</primary>

        <secondary>W3C schema</secondary>
      </indexterm><indexterm>
        <primary>DocBook</primary>

        <secondary>RELAX NG schema</secondary>
      </indexterm><indexterm>
        <primary>DTD</primary>

        <secondary>DocBook V5.0</secondary>
      </indexterm><indexterm>
        <primary>W3C</primary>

        <secondary>W3C schema (DocBook V5.0)</secondary>
      </indexterm><indexterm>
        <primary>RELAX NG</primary>

        <secondary>DocBook schema</secondary>
      </indexterm>Since July, 1998, the DocBook Technical Committee of
    <acronym>OASIS</acronym> (Organization for the Advancement of Structured
    Information Standards) at <uri xlink:href="http://www.oasis-open.org/">http://www.oasis-open.org/</uri>
    has been responsible for the advancement and maintenance of the DocBook
    schemas, including any schemas from a subcommittee that are approved by
    the DocBook Technical Committee.</para>

    <para>The latest releases of DocBook can be obtained from the official
    DocBook home page at <uri xlink:href="http://www.oasis-open.org/docbook/">http://www.oasis-open.org/docbook/</uri>. All normative versions
    of the DocBook standard, including derivatives like the Publisher’s
    schema, are available at this site.</para>

    <para>Information about the most commonly used, non-normative
    customizations of the DocBook schema, such as Simplified DocBook and
    DocBook Website, can be found at <uri xlink:href="http://docbook.org/">http://docbook.org/</uri>.</para>

    <note>
      <para>The only schemas that are considered normative standards are those
      that have been approved through the <acronym>OASIS</acronym> process by
      the DocBook Technical Committee.</para>
    </note>
  </section>

  <section xml:id="res-resources"><info><title>DocBook and XML Resources on the Web</title></info>
    

    <para>The following websites and lists are excellent starting places for
    information about DocBook and XML:</para>

    <variablelist>
      <varlistentry>
        <term>The most recent version of this book</term>

        <listitem>
          <para>The most recent online version of this book can be found at
          <uri xlink:href="http://docbook.org/">http://docbook.org/</uri>.</para>
        </listitem>
      </varlistentry>

      <varlistentry>
        <term>DocBook mailing lists</term>

        <listitem>
          <para><indexterm>
              <primary>OASIS</primary>

              <secondary>mailing lists</secondary>
            </indexterm><indexterm>
              <primary>mailing lists, OASIS</primary>
            </indexterm><acronym>OASIS</acronym> maintains two public DocBook
          mailing lists:</para>

          <variablelist>
            <varlistentry>
              <term>docbook@lists.oasis-open.org</term>

              <listitem>
                <para>This list is for general questions, comments, and
                discussion about DocBook, including questions about the
                schemas, syntax, semantics, and markup.</para>

                <para>An archive is maintained at: <uri xlink:href="http://lists.oasis-open.org/archives/docbook/">http://lists.oasis-open.org/archives/docbook/</uri>.</para>
              </listitem>
            </varlistentry>

            <varlistentry>
              <term>docbook-apps@lists.oasis-open.org</term>

              <listitem>
                <para>This list is for questions, comments, and discussion
                about implementing DocBook, including questions about
                formatting, processing, using the stylesheets, and
                editing.</para>

                <para>An archive is maintained at: <uri xlink:href="http://lists.oasis-open.org/archives/docbook-apps/">http://lists.oasis-open.org/archives/docbook-apps/</uri>.</para>
              </listitem>
            </varlistentry>
          </variablelist>

          <para>You can subscribe to either list at: <uri xlink:href="http://www.oasis-open.org/mlmanage/">http://www.oasis-open.org/mlmanage/</uri>.</para>
        </listitem>
      </varlistentry>

      <varlistentry>
        <term>DocBook stylesheets</term>

        <listitem>
          <para><indexterm>
              <primary>stylesheets</primary>

              <secondary>sourceforge.net</secondary>
            </indexterm>The <link xlink:href="http://docbook.sourceforge.net/">DocBook stylesheets</link>
          are a set of stylesheets for use with an <acronym>XSLT</acronym>
          engine like <command>xsltproc</command> or <acronym>Saxon</acronym>.
          The stylesheets can transform DocBook <acronym>XML</acronym>
          documents (including documents using DocBook <acronym>5.0</acronym>
          and earlier versions) into output formats like
          <acronym>HTML</acronym>, <acronym>PDF</acronym>, various help
          formats, and the ePub<indexterm>
              <primary>ePub</primary>
            </indexterm> ebook format. The stylesheets are open source
          software maintained by the DocBook community.</para>
        </listitem>
      </varlistentry>

      <varlistentry>
        <term>DocBook Wiki</term>

        <listitem>
          <para><indexterm>
              <primary>DocBook Wiki</primary>
            </indexterm><indexterm>
              <primary>wiki, DocBook</primary>
            </indexterm>The <link xlink:href="http://wiki.docbook.org">DocBook
          Wiki</link> contains a wide variety of DocBook information, from
          <acronym>FAQ</acronym>s to lists of consultants.</para>
        </listitem>
      </varlistentry>

      <varlistentry>
        <term>Robin Cover’s <quote>Cover Pages</quote></term>

        <listitem>
          <para>A large list of <acronym>XML</acronym> resources: <uri xlink:href="http://xml.coverpages.org">http://xml.coverpages.org</uri>.</para>
        </listitem>
      </varlistentry>

      <varlistentry>
        <term><systemitem role="newsgroup">comp.text.xml</systemitem></term>

        <listitem>
          <para><indexterm>
              <primary>newsgroup, comp.text.xml</primary>
            </indexterm>Newsgroup devoted to <acronym>XML</acronym> issues.
          This newsgroup can be accessed through Google Groups at: <uri xlink:href="http://groups.google.com/group/comp.text.xml">http://groups.google.com/group/comp.text.xml</uri>.</para>
        </listitem>
      </varlistentry>

      <varlistentry>
        <term><acronym>FAQ</acronym></term>

        <listitem>
          <para><indexterm>
              <primary>frequently asked questions (FAQ)</primary>

              <secondary>DocBook</secondary>
            </indexterm>A good <acronym>XML</acronym> <acronym>FAQ</acronym>
          is available at <uri xlink:href="http://xml.silmaril.ie/">http://xml.silmaril.ie/</uri>.</para>
        </listitem>
      </varlistentry>

      <varlistentry>
        <term><acronym>XML</acronym>.com</term>

        <listitem>
          <para><link xlink:href="http://www.xml.com/"><acronym>XML</acronym>.com</link>, run by
          O’Reilly Media, is a site devoted to news and information about
          <acronym>XML</acronym>.</para>
        </listitem>
      </varlistentry>
    </variablelist>
  </section>

  <section xml:id="res-intro"><info><title>Introductory Material on the Web</title></info>
    

    <para>These documents provide a good starting place for learning about
    <acronym>XML</acronym>.</para>

    <bibliolist>
      <bibliomixed xml:id="XML-Intro"><abbrev>XML-Intro</abbrev>
      <orgname>TEI</orgname>, ed. <citetitle><quote>A Gentle Introduction to
      <acronym>XML</acronym>.</quote></citetitle> <publisher>
          <publishername>Text Encoding Initiative (TEI)</publishername>
        </publisher>, <pubdate>March 2002</pubdate>, <bibliosource xlink:href="http://www.tei-c.org/Guidelines/P4/html/SG.html">http://www.tei-c.org/Guidelines/P4/html/SG.html<indexterm>
          <primary>XML</primary>

          <secondary>introduction</secondary>
        </indexterm></bibliosource>.</bibliomixed>

      <bibliomixed xml:id="XML-Tech"><abbrev>XML-Tech</abbrev> <author>
          <personname>
            <surname>Walsh</surname>

            <firstname>Norman</firstname>
          </personname>
        </author>. <citetitle><quote>A Technical Introduction to
      <acronym>XML</acronym>.</quote></citetitle> <pubdate>February
      1998</pubdate>, <bibliosource xlink:href="http://nwalsh.com/docs/articles/xml/">http://nwalsh.com/docs/articles/xml/</bibliosource>.</bibliomixed>

      <bibliomixed xml:id="RNG-Intro"><abbrev>RNG-Intro</abbrev> <authorgroup>
          <author>
            <personname>
              <surname>Clark</surname>

              <firstname>James</firstname>
            </personname>
          </author>

          <author>
            <personname>
              <surname>Murata</surname>

              <firstname>Makoto</firstname>
            </personname>
          </author>
        </authorgroup>. <citetitle> <quote>RELAX NG Tutorial.</quote></citetitle>
      <publisher>
          <publishername>OASIS Open</publishername>
        </publisher>, <pubdate>December 2001</pubdate>, <bibliosource xlink:href="http://www.relaxng.org/tutorial.html">http://www.relaxng.org/tutorial.html<indexterm>
          <primary>RELAX NG</primary>

          <secondary>tutorial</secondary>
        </indexterm></bibliosource>.</bibliomixed>
    </bibliolist>
  </section>

  <section xml:id="res-web"><info><title>References and Technical Notes on the Web</title></info>
    

    <bibliolist>
      <bibliomixed xml:id="XML-CAT"><abbrev>XML-CAT</abbrev> <bibliomset relation="standard"><authorgroup>
          <editor>
            <personname>
              <surname>Walsh</surname>

              <firstname>Norman<indexterm>
                  <primary>XML catalogs</primary>

                  <secondary>OASIS standard</secondary>
                </indexterm><indexterm>
                  <primary>standards</primary>

                  <secondary>OASIS XML catalogs</secondary>
                </indexterm></firstname>
            </personname>
          </editor>
        </authorgroup>, ed. <citetitle><acronym>XML</acronym> Catalogs: OASIS
      Standard V1.1</citetitle>. Organization for the Advancement of Structured
      Information Standards (OASIS), <pubdate>2005-10-07</pubdate>,
      <bibliosource xlink:href="http://www.oasis-open.org/committees/download.php/14809/xml-catalogs.html">http://www.oasis-open.org/committees/download.php/14809/xml-catalogs.html</bibliosource>.
      </bibliomset></bibliomixed>

      <bibliomixed xml:id="CALS"><abbrev>CALS</abbrev> <bibliomset relation="standard"><authorgroup>
          <author>
            <personname>
              <surname>Severson</surname>

              <firstname>Eric<indexterm>
                  <primary>standards</primary>

                  <secondary>OASIS CALS tables</secondary>
                </indexterm><indexterm>
                  <primary>CALS tables</primary>

                  <secondary>OASIS standard</secondary>
                </indexterm></firstname>
            </personname>
          </author>

          <author>
            <personname>
              <surname>Bingham</surname>

              <firstname>Harvey</firstname>
            </personname>
          </author>
        </authorgroup>, ed. <citetitle>Table Interoperability: Issues for the
      <acronym>CALS</acronym> Table Model</citetitle>. Organization for the
      Advancement of Structured Information Standards (OASIS), <pubdate>1995-11-21</pubdate>, <bibliomisc>OASIS Technical Research Paper
      9501:1995</bibliomisc>, <bibliosource xlink:href="http://www.oasis-open.org/html/a501.htm">http://www.oasis-open.org/html/a501.htm</bibliosource>.
      </bibliomset></bibliomixed>

      <bibliomixed xml:id="calsdtd"><abbrev>calsdtd</abbrev> <bibliomset relation="standard"><authorgroup>
          <author>
            <personname>
              <surname>Bingham</surname>

              <firstname>Harvey<indexterm>
                  <primary>standards</primary>

                  <secondary>CALS table model</secondary>
                </indexterm><indexterm>
                  <primary>CALS tables</primary>

                  <secondary>table model</secondary>
                </indexterm></firstname>
            </personname>
          </author>
        </authorgroup>, ed. <citetitle><acronym>CALS</acronym> Table Model
      Document Type Definition</citetitle>. Organization for the Advancement of
      Structured Information Standards (OASIS), <pubdate>1995-10-19</pubdate>, <bibliomisc>OASIS Technical Memorandum TM
      9502:1995</bibliomisc>, <bibliosource xlink:href="http://www.oasis-open.org/html/a502.htm">http://www.oasis-open.org/html/a502.htm</bibliosource>.
      </bibliomset></bibliomixed>

      <bibliomixed xml:id="cals-xchg"><abbrev>cals-xchg</abbrev> <bibliomset relation="standard"><authorgroup>
          <author>
            <personname>
              <surname>Bingham</surname>

              <firstname>Harvey</firstname>
            </personname>
          </author>
        </authorgroup>, ed. <citetitle>Exchange Table Model Document Type
      Definition</citetitle>. Organization for the Advancement of Structured
      Information Standards (OASIS), <pubdate>1996-05-08</pubdate>,
      <bibliomisc>OASIS Technical Resolution TR 9503:1995</bibliomisc>,
      <bibliosource xlink:href="http://www.oasis-open.org/specs/a503.htm">http://www.oasis-open.org/specs/a503.htm</bibliosource>.
      </bibliomset></bibliomixed>

      <bibliomixed xml:id="TGN"><bibliomset relation="standard"><abbrev>TGN</abbrev> <citetitle>Thesaurus of Geographic
      Names Online</citetitle>. J. Paul Getty Trust, <bibliosource xlink:href="http://www.getty.edu/research/tools/vocabulary/tgn">http://www.getty.edu/research/tools/vocabulary/tgn</bibliosource>.
      </bibliomset></bibliomixed>
    </bibliolist>
  </section>

  <section><info><title>World Wide Web Consortium (<acronym>W3C)
    Recommendations</acronym></title></info>
    

    <bibliolist>
      <bibliomixed xml:id="HTML"><abbrev>HTML</abbrev> <bibliomset relation="standard"><authorgroup>
          <author>
            <personname>
              <surname>Raggett</surname>

              <firstname>Dave<indexterm>
                  <primary>standards</primary>

                  <secondary>HTML 4.01</secondary>
                </indexterm><indexterm>
                  <primary>W3C</primary>

                  <secondary>recommendation</secondary>

                  <tertiary>HTML 4.01</tertiary>
                </indexterm></firstname>
            </personname>
          </author>
        </authorgroup>, et al., ed. <citetitle><acronym>HTML</acronym> 4.01
      Specification</citetitle>. World Wide Web Consortium, <pubdate>1999-12-24</pubdate>, </bibliomset> <bibliosource xlink:href="http://www.w3.org/TR/html401/">http://www.w3.org/TR/html401/</bibliosource>.</bibliomixed>

      <bibliomixed xml:id="MathML"><abbrev>MathML</abbrev> <bibliomset relation="standard"><authorgroup>
          <author>
            <personname>
              <surname>Carlisle</surname>

              <firstname>David<indexterm>
                  <primary>standards</primary>

                  <secondary>MathML 2.0</secondary>
                </indexterm><indexterm>
                  <primary>W3C</primary>

                  <secondary>recommendation</secondary>

                  <tertiary>MathML 2.0</tertiary>
                </indexterm><indexterm>
                  <primary>MathML</primary>

                  <secondary>W3C recommendation</secondary>
                </indexterm></firstname>
            </personname>
          </author>
        </authorgroup>, et al., ed. <citetitle>Mathematical Markup Language
      (<acronym>MathML</acronym>) Version 2.0</citetitle>. Second Edition, World
      Wide Web Consortium, <pubdate>2003-10-21</pubdate>, </bibliomset>
      <bibliosource xlink:href="http://www.w3.org/TR/MathML/">http://www.w3.org/TR/MathML/</bibliosource>.</bibliomixed>

      <bibliomixed xml:id="XHTML"><abbrev>XHTML</abbrev> <bibliomset relation="standard"><indexterm>
          <primary>standards</primary>

          <secondary>XHTML 1.0</secondary>
        </indexterm><indexterm>
          <primary>W3C</primary>

          <secondary>recommendation</secondary>

          <tertiary>XHTML 1.0</tertiary>
        </indexterm><indexterm>
          <primary>XHTML</primary>

          <secondary>W3C recommendation</secondary>
        </indexterm><orgname>W3C HTML Working Group</orgname>, ed.
      <citetitle><acronym>XHTML</acronym> 1.0 The Extensible HyperText Markup
      Language</citetitle>. Second Edition, W3C Recommendation, <pubdate>2000-01-26</pubdate>, </bibliomset>
      <bibliosource xlink:href="http://www.w3.org/TR/xhtml1">http://www.w3.org/TR/xhtml1</bibliosource>.</bibliomixed>

<bibliomixed xml:id="XLink"><abbrev>XLink</abbrev><indexterm>
<primary>standards</primary>
<secondary>XLink 1.0</secondary>
</indexterm><indexterm>
<primary>W3C</primary>
<secondary>recommendation</secondary>
<tertiary>XLink 1.0</tertiary>
</indexterm><indexterm>
<primary>XLink</primary>
<secondary>W3C recommendation</secondary>
</indexterm>
<bibliomset relation="standard">
  <authorgroup>
    <author>
      <personname>
        <surname>DeRose</surname>
        <firstname>Steve</firstname>
      </personname>
    </author>
    <author>
      <personname>
        <surname>Maler</surname>
        <firstname>Eve</firstname>
      </personname>
    </author>
    <author>
      <personname>
        <surname>Orchard</surname>
        <firstname>David</firstname>
      </personname>
    </author>
  </authorgroup>, ed. <citetitle><acronym>XML</acronym> Linking Language
(<acronym>XLink</acronym>) Version 1.0</citetitle>. World Wide Web
Consortium, <pubdate>2001-06-27</pubdate>,
<bibliosource xlink:href="http://www.w3.org/TR/xlink/">http://www.w3.org/TR/xlink/</bibliosource>.
</bibliomset>
</bibliomixed>

<bibliomixed xml:id="XPointer"><abbrev>XPointer Framework</abbrev><indexterm>
<primary>standards</primary>
<secondary>XPointer Framework</secondary>
</indexterm><indexterm>
<primary>W3C</primary>
<secondary>recommendation</secondary>
<tertiary>XPointer Framework</tertiary>
</indexterm><indexterm>
<primary>XPointer Framework</primary>
<secondary>W3C recommendation</secondary>
</indexterm>
<bibliomset relation="standard">
  <authorgroup>
    <author>
      <personname>
        <surname>Grosso</surname>
        <firstname>Paul</firstname>
      </personname>
    </author>
    <author>
      <personname>
        <surname>Maler</surname>
        <firstname>Eve</firstname>
      </personname>
    </author>
    <author>
      <personname>
        <surname>Marsh</surname>
        <firstname>Jonathan</firstname>
      </personname>
    </author>
    <author>
      <personname>
        <surname>Walsh</surname>
        <firstname>Norman</firstname>
      </personname>
    </author>
  </authorgroup>, ed. <citetitle>XPointer Framework</citetitle>.
World Wide Web
Consortium, <pubdate>2003-03-25</pubdate>,
<bibliosource xlink:href="http://www.w3.org/TR/xptr-framework/">http://www.w3.org/TR/xptr-framework/</bibliosource>.
</bibliomset>
</bibliomixed>

      <bibliomixed xml:id="XML"><abbrev>XML</abbrev> <bibliomset relation="standard"><authorgroup>
          <author>
            <personname>
              <surname>Bray</surname>

              <firstname>Tim<indexterm>
                  <primary>standards</primary>

                  <secondary>XML 1.0</secondary>
                </indexterm><indexterm>
                  <primary>W3C</primary>

                  <secondary>recommendation</secondary>

                  <tertiary>XML 1.0</tertiary>
                </indexterm><indexterm>
                  <primary>XML</primary>

                  <secondary>W3C recommendation</secondary>
                </indexterm></firstname>
            </personname>
          </author>
        </authorgroup>, et al., ed. <citetitle>Extensible Markup Language
      (<acronym>XML</acronym>) 1.0</citetitle>. Fifth Edition, World Wide Web
      Consortium, <pubdate>2008-11-26</pubdate>, <bibliosource xlink:href="http://www.w3.org/TR/xml">http://www.w3.org/TR/xml</bibliosource>.
      </bibliomset></bibliomixed>

      <bibliomixed xml:id="XML-ID"><abbrev>XML-ID</abbrev> <bibliomset relation="standard"><authorgroup>
          <author>
            <personname>
              <surname>Marsh</surname>

              <firstname>Jonathan<indexterm>
                  <primary>standards</primary>

                  <secondary>xml:id 1.0</secondary>
                </indexterm><indexterm>
                  <primary>W3C</primary>

                  <secondary>recommendation</secondary>

                  <tertiary>xml:id 1.0</tertiary>
                </indexterm><indexterm>
                  <primary>xml:id</primary>

                  <secondary>W3C recommendation</secondary>
                </indexterm></firstname>
            </personname>
          </author>
        </authorgroup>, et al., ed. <citetitle>xml:id Version 1.0</citetitle>. World
      Wide Web Consortium, <pubdate>2005-09-09</pubdate>,
      <bibliosource xlink:href="http://www.w3.org/TR/xml-id/">http://www.w3.org/TR/xml-id/</bibliosource>.
      </bibliomset></bibliomixed>

      <bibliomixed xml:id="XML-NS"><abbrev>XML-NS</abbrev> <bibliomset relation="standard"><authorgroup>
          <author>
            <personname>
              <surname>Bray</surname>

              <firstname>Tim<indexterm>
                  <primary>standards</primary>

                  <secondary>XML namespaces</secondary>
                </indexterm><indexterm>
                  <primary>W3C</primary>

                  <secondary>recommendation</secondary>

                  <tertiary>XML namespaces</tertiary>
                </indexterm><indexterm>
                  <primary>XML namespaces</primary>

                  <secondary>W3C recommendation</secondary>
                </indexterm><indexterm>
                  <primary>namespaces</primary>

                  <secondary>W3C recommendation</secondary>
                </indexterm></firstname>
            </personname>
          </author>
        </authorgroup>, et al., ed. <citetitle>Namespaces in
      <acronym>XML</acronym></citetitle>. Third Edition, World Wide Web
      Consortium, <pubdate>2009-12-08</pubdate>, <bibliosource xlink:href="http://www.w3.org/TR/xml-names/">http://www.w3.org/TR/xml-names/</bibliosource>.
      </bibliomset></bibliomixed>

      <bibliomixed xml:id="XPath"><abbrev>XPath</abbrev> <bibliomset relation="standard"><authorgroup>
          <author>
            <personname>
              <surname>Berglund</surname>

              <firstname>Anders<indexterm>
                  <primary>standards</primary>

                  <secondary>XPath</secondary>
                </indexterm><indexterm>
                  <primary>W3C</primary>

                  <secondary>recommendation</secondary>

                  <tertiary>XPath</tertiary>
                </indexterm><indexterm>
                  <primary>XPath</primary>

                  <secondary>W3C recommendation</secondary>
                </indexterm></firstname>
            </personname>
          </author>
        </authorgroup>, et al., ed. <citetitle><acronym>XML</acronym> Path
      Language (<acronym>XPath</acronym>) 2.0</citetitle>. World Wide Web
      Consortium, <pubdate>2007-01-23</pubdate>, <bibliosource xlink:href="http://www.w3.org/TR/xpath20/">http://www.w3.org/TR/xpath20/</bibliosource>.
      </bibliomset></bibliomixed>

      <bibliomixed xml:id="XQuery"><abbrev>XQuery</abbrev> <bibliomset relation="standard"><authorgroup>
          <author>
            <personname>
              <surname>Boag</surname>

              <firstname>Scott<indexterm>
                  <primary>standards</primary>

                  <secondary>XQuery</secondary>
                </indexterm><indexterm>
                  <primary>W3C</primary>

                  <secondary>recommendation</secondary>

                  <tertiary>XQuery</tertiary>
                </indexterm><indexterm>
                  <primary>XQuery</primary>

                  <secondary>W3C recommendation</secondary>
                </indexterm></firstname>
            </personname>
          </author>
        </authorgroup>, et al., ed. <citetitle><acronym>XQuery</acronym> 1.0: An
      <acronym>XML</acronym> Query Language</citetitle>. World Wide Web
      Consortium, <pubdate>2007-01-23</pubdate>, <bibliosource xlink:href="http://www.w3.org/TR/xquery/">http://www.w3.org/TR/xquery/</bibliosource>.
      </bibliomset></bibliomixed>

      <bibliomixed xml:id="XSLT-1"><abbrev>XSLT-1</abbrev> <bibliomset relation="standard"><authorgroup>
          <author>
            <personname>
              <surname>Clark</surname>

              <firstname>James<indexterm>
                  <primary>standards</primary>

                  <secondary>XSLT 1.0</secondary>
                </indexterm><indexterm>
                  <primary>W3C</primary>

                  <secondary>recommendation</secondary>

                  <tertiary>XSLT 1.0</tertiary>
                </indexterm><indexterm>
                  <primary>XSLT 1.0</primary>

                  <secondary>W3C recommendation</secondary>
                </indexterm></firstname>
            </personname>
          </author>
        </authorgroup>, ed. <citetitle><acronym>XSL</acronym> Transformations
      (<acronym>XSLT</acronym>) Version 1.0</citetitle>. World Wide Web
      Consortium, <pubdate>1999-12-16</pubdate>, <bibliosource xlink:href="http://www.w3.org/TR/xslt">http://www.w3.org/TR/xslt</bibliosource>.
      </bibliomset></bibliomixed>

      <bibliomixed xml:id="XSLT-2"><abbrev>XSLT-2</abbrev> <bibliomset relation="standard"><authorgroup>
          <author>
            <personname>
              <surname>Kay</surname>

              <firstname>Michael<indexterm>
                  <primary>standards</primary>

                  <secondary>XSLT 2.0</secondary>
                </indexterm><indexterm>
                  <primary>W3C</primary>

                  <secondary>recommendation</secondary>

                  <tertiary>XSLT 2.0</tertiary>
                </indexterm><indexterm>
                  <primary>XSLT 2.0</primary>

                  <secondary>W3C recommendation</secondary>
                </indexterm></firstname>
            </personname>
          </author>
        </authorgroup>, ed. <citetitle><acronym>XSL</acronym> Transformations
      (<acronym>XSLT</acronym>) Version 2.0</citetitle>. World Wide Web
      Consortium, <pubdate>2007-01-23</pubdate>, <bibliosource xlink:href="http://www.w3.org/TR/xslt20/">http://www.w3.org/TR/xslt20/</bibliosource>.
      </bibliomset></bibliomixed>
    </bibliolist>
  </section>

  <section xml:id="res-spec"><info><title>Related Standards</title></info>
    

    <bibliolist>
      <bibliomixed xml:id="DCMI"><abbrev>DCMI</abbrev> <bibliomset relation="standard"><indexterm zone="element.db.bibliosource">
          <primary>DCMI</primary>

          <secondary>bibliosource element</secondary>
        </indexterm><indexterm zone="element.db.bibliorelation">
          <primary>DCMI</primary>

          <secondary>bibliorelation element</secondary>
        </indexterm><indexterm zone="element.db.bibliocoverage">
          <primary>DCMI</primary>

          <secondary>bibliocoverage element</secondary>
        </indexterm><indexterm>
          <primary>Dublin Core Metadata Initiative</primary>

          <see>DCMI</see>
        </indexterm><indexterm>
          <primary>ISO standards</primary>

          <secondary>ISO 15836:2009 (Dublin Core)</secondary>
        </indexterm><indexterm>
          <primary>standards</primary>

          <secondary>Dublin Core Metadata Element Set</secondary>
        </indexterm><indexterm>
          <primary>DCMI</primary>

          <secondary>Dublin Core Metadata Element Set</secondary>
        </indexterm><orgname>Dublin Core Metadata Initiative</orgname>.
      <citetitle>Dublin Core Metadata Element Set, Version 1.1</citetitle>. Dublin
      Core Metadata Initiative, <pubdate>January 2008</pubdate>,
      <bibliosource xlink:href="http://dublincore.org/documents/dces/">http://dublincore.org/documents/dces/</bibliosource>.
      <bibliomisc>Now also an ISO standard: ISO 15836:2009</bibliomisc>.
      </bibliomset></bibliomixed>

      <bibliomixed xml:id="NVDL"><abbrev>NVDL</abbrev> <bibliomset relation="standard"><indexterm>
          <primary>ISO standards</primary>

          <secondary>NVDL</secondary>
        </indexterm><indexterm>
          <primary>standards</primary>

          <secondary>NVDL</secondary>
        </indexterm><indexterm>
          <primary>NVDL</primary>

          <secondary>ISO standard</secondary>
        </indexterm><indexterm>
          <primary>Namespace-based Validation Dispatching Language</primary>

          <see>NVDL</see>
        </indexterm><orgname>ISO</orgname>. <citetitle>Namespace-based Validation
      Dispatching Language (NVDL)</citetitle>. International Organization for
      Standardization, ISO/IEC 19757-4, <pubdate>2006-06-01</pubdate>,
      <bibliosource xlink:href="http://www.nvdl.org/">http://www.nvdl.org/</bibliosource>.
      </bibliomset></bibliomixed>

      <bibliomixed xml:id="Unicode"><abbrev>Unicode</abbrev> <bibliomset relation="standard"><authorgroup>
          <author>
            <personname>
              <surname>Allen</surname>

              <firstname>Julie</firstname>

              <othername role="orm:initial">D<indexterm>
                  <primary>standards</primary>

                  <secondary>Unicode</secondary>
                </indexterm><indexterm>
                  <primary>Unicode standard</primary>
                </indexterm></othername>
            </personname>
          </author>
        </authorgroup>, et al., ed. <citetitle>The Unicode Standard Version
      5.2.0</citetitle>. The Unicode Consortium, <pubdate>December 2009</pubdate>,
      <bibliosource xlink:href="http://www.unicode.org/standard/standard.html">http://www.unicode.org/standard/standard.html</bibliosource>.
      </bibliomset></bibliomixed>
    </bibliolist>
  </section>

  <section xml:id="res-rfc"><info><title>Internet <acronym>RFC</acronym>s</title></info>
    

    <para><indexterm>
        <primary>RFC</primary>
      </indexterm><indexterm>
        <primary>Request for Comments</primary>

        <see>RFC</see>
      </indexterm><indexterm>
        <primary>standards</primary>

        <secondary>IETF RFCs</secondary>
      </indexterm><acronym>RFC</acronym>s (<quote>Request for
    Comments</quote>) are standards documents produced by the Internet
    Engineering Task Force (<acronym>IETF</acronym>).</para>

    <bibliolist>
      <bibliomixed xml:id="rfc-1630"><abbrev>RFC-1630</abbrev> <authorgroup>
          <author>
            <personname>
              <surname>Berners-Lee</surname>

              <firstname>Tim</firstname>
            </personname>
          </author>
        </authorgroup>. <bibliomset relation="standard"> <citetitle>Universal
      Resource Identifiers in <acronym>WWW</acronym></citetitle>. Network Working
      Group, Internet Engineering Task Force (IETF), <pubdate>June
      1994</pubdate>, <bibliosource xlink:href="http://www.apps.ietf.org/rfc/rfc1630.html">http://www.apps.ietf.org/rfc/rfc1630.html</bibliosource>.
      </bibliomset></bibliomixed>

      <bibliomixed xml:id="rfc-1736"><abbrev>RFC-1736</abbrev> <authorgroup>
          <author>
            <personname>
              <surname>Kunze</surname>

              <firstname role="orm:initial">J</firstname>
            </personname>
          </author>
        </authorgroup> <bibliomset relation="standard"> <citetitle>Functional
      Recommendations for Internet Resource Locators</citetitle>. Network Working
      Group, Internet Engineering Task Force (IETF), <pubdate>February
      1995</pubdate>, <bibliosource xlink:href="http://www.apps.ietf.org/rfc/rfc1736.html">http://www.apps.ietf.org/rfc/rfc1736.html</bibliosource>.
      </bibliomset></bibliomixed>

      <bibliomixed xml:id="rfc-1737"><abbrev>RFC-1737</abbrev> <authorgroup>
          <author>
            <personname>
              <surname>Sollins</surname>

              <firstname role="orm:initial">K</firstname>
            </personname>
          </author>
        </authorgroup> <bibliomset relation="standard"> <citetitle>Functional
      Requirements for Uniform Resource Names</citetitle>. Network Working Group,
      Internet Engineering Task Force (IETF), <pubdate>December
      1994</pubdate>, <bibliosource xlink:href="http://www.apps.ietf.org/rfc/rfc1737.html">http://www.apps.ietf.org/rfc/rfc1737.html</bibliosource>.
      </bibliomset></bibliomixed>

      <bibliomixed xml:id="rfc-1738"><abbrev>RFC-1738</abbrev> <authorgroup>
          <author>
            <personname>
              <surname>Berners-Lee</surname>

              <firstname role="orm:initial">T</firstname>
            </personname>
          </author>

          <author>
            <personname>
              <surname>Masinter</surname>

              <firstname role="orm:initial">L</firstname>
            </personname>
          </author>

          <author>
            <personname>
              <surname>McCahill</surname>

              <firstname role="orm:initial">M</firstname>
            </personname>
          </author>
        </authorgroup>. <bibliomset relation="standard"> <citetitle>Uniform
      Resource Locators (<acronym>URL</acronym>)</citetitle>. Network Working
      Group, Internet Engineering Task Force (IETF), <pubdate>December
      1994</pubdate>, <bibliosource xlink:href="http://www.apps.ietf.org/rfc/rfc1738.html">http://www.apps.ietf.org/rfc/rfc1738.html</bibliosource>.
      </bibliomset></bibliomixed>

      <bibliomixed xml:id="rfc-3066"><abbrev>RFC-3066</abbrev> <authorgroup>
          <author>
            <personname>
              <surname>Alvestrand</surname>

              <firstname role="orm:initial">H</firstname>
            </personname>
          </author>
        </authorgroup> <bibliomset relation="standard"> <citetitle>Tags for the
      Identification of Languages</citetitle>. Network Working Group, Internet
      Engineering Task Force (IETF), <pubdate>December 1994</pubdate>,
      <bibliosource xlink:href="http://www.apps.ietf.org/rfc/rfc3066.html">http://www.apps.ietf.org/rfc/rfc3066.html</bibliosource>.
      </bibliomset></bibliomixed>
    </bibliolist>
  </section>

  <section xml:id="res-books"><info><title>Books and Printed Resources</title></info>
    

    <bibliolist>
      <bibliomixed xml:id="Fitz04"><abbrev>Fitz04</abbrev> <bibliomset relation="book"><authorgroup>
          <author>
            <personname>
              <surname>Fitzgerald</surname>

              <firstname>Michael</firstname>
            </personname>
          </author>
        </authorgroup>. <citetitle>XML Hacks:</citetitle> <subtitle>100
      Industrial-Strength Tips and Tools</subtitle>. <address>Sebastopol, CA</address>:<publishername>O’Reilly</publishername>,
      <pubdate>July 2004</pubdate>, ISBN: <biblioid class="isbn">978-0596007119</biblioid>. </bibliomset></bibliomixed>

      <bibliomixed xml:id="Harold03"><abbrev>Harold03</abbrev> <bibliomset relation="book"><authorgroup>
          <author>
            <personname>
              <surname>Harold</surname>

              <firstname>Elliotte</firstname>

              <othername>Rusty</othername>
            </personname>
          </author>
        </authorgroup>. <citetitle>Effective XML:</citetitle> <subtitle>50 Specific
      Ways to Improve Your XML</subtitle>. <address>Boston</address>:<publishername>Addison-Wesley</publishername>,
      <pubdate>October 2003</pubdate>, ISBN: <biblioid class="isbn">978-0321150400</biblioid>. </bibliomset></bibliomixed>

      <bibliomixed xml:id="Harold04"><abbrev>Harold04</abbrev> <bibliomset relation="book"><authorgroup>
          <author>
            <personname>
              <surname>Harold</surname>

              <firstname>Elliotte</firstname>

              <othername>Rusty</othername>
            </personname>
          </author>

          <author>
            <personname>
              <surname>Means</surname>

              <firstname role="orm:initial">W</firstname>

              <othername>Scott</othername>
            </personname>
          </author>
        </authorgroup>. <citetitle>XML in a Nutshell</citetitle>. <address>Sebastopol, CA</address>:<publishername>O’Reilly</publishername>,
      <pubdate>October 2003</pubdate>, ISBN: <biblioid class="isbn">978-0596007645</biblioid>. </bibliomset></bibliomixed>

      <bibliomixed xml:id="Kay08"><abbrev>Kay08</abbrev> <bibliomset relation="book"><authorgroup>
          <author>
            <personname>
              <surname>Kay</surname>

              <firstname>Michael</firstname>
            </personname>
          </author>
        </authorgroup>. <citetitle>XSLT 2.0 and XPath 2.0 Programmer’s
      Reference</citetitle>. <address>Indianapolis, IN</address>:<publishername>Wrox</publishername>,
      <pubdate>May 2008</pubdate>, ISBN: <biblioid class="isbn">978-0470192740</biblioid>. </bibliomset></bibliomixed>

      <bibliomixed xml:id="Maler95"><abbrev>Maler95</abbrev> <bibliomset relation="book"><authorgroup>
          <author>
            <personname>
              <surname>Maler</surname>

              <firstname>Eve</firstname>
            </personname>
          </author>

          <author>
            <personname>
              <surname>El Andaloussi</surname>

              <firstname>Jeanne</firstname>
            </personname>
          </author>
        </authorgroup>. <citetitle>Developing SGML DTDs</citetitle>: <subtitle>From
      Text to Model to Markup</subtitle>. <publishername>Prentice
      Hall</publishername>, <pubdate>December 1995</pubdate>, ISBN: <biblioid class="isbn">978-0596004200</biblioid>. <bibliomisc>This book is out of
      print. However, the information on document schema modeling is still
      relevant and has not been superseded to date. Although the book is out
      of print, the authors have made an online version available at:
      </bibliomisc> <bibliosource xlink:href="http://www.xmlgrrl.com/publications/DSDTD/index.html">http://www.xmlgrrl.com/publications/DSDTD/index.html</bibliosource>.
      </bibliomset></bibliomixed>

      <bibliomixed xml:id="Ray03"><abbrev>Ray03</abbrev> <bibliomset relation="book"><authorgroup>
          <author>
            <personname>
              <surname>Ray</surname>

              <firstname>Erik</firstname>
            </personname>
          </author>
        </authorgroup>. <citetitle>Learning XML</citetitle>. <edition>Second
      Edition</edition>, <address>Sebastopol, CA</address>:<publishername>O’Reilly</publishername>,
      <pubdate>September 2003</pubdate>, ISBN: <biblioid class="isbn">978-0596004200</biblioid>. </bibliomset></bibliomixed>

      <bibliomixed xml:id="Stayton07"><abbrev>Stayton07</abbrev> <bibliomset relation="book"><authorgroup>
          <author>
            <personname>
              <surname>Stayton</surname>

              <firstname>Bob</firstname>
            </personname>
          </author>
        </authorgroup>. <citetitle>DocBook XSL: The Complete Guide</citetitle>. Fourth
      Edition, <publisher>
          <publishername>Sagehill Enterprises</publishername>
        </publisher>, <pubdate>2007</pubdate>, ISBN: <biblioid class="isbn">978-0974152134</biblioid>. <bibliomisc>The essential guide
      to the DocBook XSL stylesheets.</bibliomisc> </bibliomset></bibliomixed>

      <bibliomixed xml:id="Tidwell08"><abbrev>Tidwell08</abbrev> <bibliomset relation="book"><authorgroup>
          <author>
            <personname>
              <surname>Tidwell</surname>

              <firstname>Doug</firstname>
            </personname>
          </author>
        </authorgroup>. <citetitle><acronym>XSLT</acronym></citetitle>.
      <edition>Second Edition</edition>, <address>Sebastopol, CA</address>:<publishername>O’Reilly</publishername>,
      <pubdate>June 2008</pubdate>, ISBN: <biblioid class="isbn">978-0596527211</biblioid>. </bibliomset></bibliomixed>

      <bibliomixed xml:id="VLIST03"><abbrev>Vlist03</abbrev> <bibliomset relation="book"><authorgroup>
          <author>
            <personname>
              <surname>van der Vlist</surname>

              <firstname>Eric</firstname>
            </personname>
          </author>
        </authorgroup>. <citetitle>RELAX NG</citetitle>. <address>Sebastopol, CA</address>:<publishername>O’Reilly</publishername>,
      <pubdate>July 2003</pubdate>, ISBN: <biblioid class="isbn">978-0596004217</biblioid>. </bibliomset></bibliomixed>
    </bibliolist>
  </section>

  <section xml:id="res-tools"><info><title><acronym>XML</acronym> Tools</title></info>
    

    <para><indexterm>
        <primary>XML</primary>

        <secondary>tools</secondary>
      </indexterm><indexterm>
        <primary>tools</primary>
      </indexterm>Here is information about some of the tools mentioned in
    this book. If you are running Linux, you may be able to load some of these
    tools using a package manager like Synaptic, yum, or apt. Needless to say,
    this is not a comprehensive list; there are other capable tools available.
    However, these are a good starting place.</para>

    <variablelist>
      <varlistentry>
        <term>RELAX NG</term>

        <listitem>
          <para><indexterm>
              <primary>RELAX NG</primary>

              <secondary>tools</secondary>
            </indexterm><indexterm>
              <primary>validation</primary>

              <secondary>tools</secondary>
            </indexterm>A variety of tools that support RELAX NG can be found
          at: <uri xlink:href="http://relaxng.org/">http://relaxng.org/</uri>. These include:</para>

          <variablelist>
            <varlistentry>
              <term><acronym>MSV</acronym></term>

              <listitem>
                <para><indexterm>
                    <primary>MSV (Multi-Schema Validator)</primary>
                  </indexterm><indexterm>
                    <primary>Sun Multi-Schema XML Validator (MSV)</primary>

                    <see>MSV</see>
                  </indexterm>Sun Multi-Schema <acronym>XML</acronym>
                Validator (from Sun Microsystems). <acronym>MSV</acronym> is
                an open source program that validates RELAX NG as well as
                other schema languages including W3C XML Schema.</para>

                <para><uri xlink:href="https://msv.dev.java.net/">https://msv.dev.java.net/</uri></para>
              </listitem>
            </varlistentry>

            <varlistentry>
              <term>Jing</term>

              <listitem>
                <para><indexterm>
                    <primary>Jing</primary>
                  </indexterm>An open source RELAX NG validator that supports
                both compact and <acronym>XML</acronym> syntax.</para>

                <para><uri xlink:href="http://www.thaiopensource.com/relaxng/jing.html">http://www.thaiopensource.com/relaxng/jing.html</uri></para>
              </listitem>
            </varlistentry>

            <varlistentry>
              <term>Trang</term>

              <listitem>
                <para><indexterm>
                    <primary>Trang</primary>
                  </indexterm>An open source program that is a companion to
                Jing, Trang converts between various <acronym>XML</acronym>
                schema languages. It supports both compact and
                <acronym>XML</acronym> syntax for RELAX NG,
                <acronym>XML</acronym> 1.0 <acronym>DTD</acronym>s, and
                <acronym>W3C</acronym> <acronym>XML</acronym> Schemas, though
                it only supports <acronym>W3C</acronym> <acronym>XML</acronym>
                Schemas for output.</para>

                <para><uri xlink:href="http://www.thaiopensource.com/relaxng/trang.html">http://www.thaiopensource.com/relaxng/trang.html</uri></para>
              </listitem>
            </varlistentry>

            <varlistentry>
              <term>EMACS nXML mode</term>

              <listitem>
                <para><indexterm>
                    <primary>nXML mode (emacs)</primary>
                  </indexterm><indexterm>
                    <primary>emacs (nXML mode)</primary>
                  </indexterm><indexterm>
                    <primary>XML editor</primary>

                    <secondary>emacs (nXML mode)</secondary>
                  </indexterm>This is an open source addon for emacs that
                supports syntax-directed editing using a RELAX NG compact mode
                schema. It validates as you type and will show you at any
                point what the valid set of elements, attributes, and
                attribute values is. It also supports automatic completion of
                partially typed elements, attributes, and attribute
                values.</para>

                <para><uri xlink:href="http://www.thaiopensource.com/nxml-mode/">http://www.thaiopensource.com/nxml-mode/</uri></para>
              </listitem>
            </varlistentry>
          </variablelist>
        </listitem>
      </varlistentry>

      <varlistentry>
        <term>Saxon</term>

        <listitem>
          <para><indexterm>
              <primary>Saxon</primary>
            </indexterm><indexterm>
              <primary>XSLT processor</primary>

              <secondary>Saxon</secondary>
            </indexterm>Saxon is an <acronym>XSLT</acronym> processor. The
          basic processor is available as an open source product, and there
          are also commercial versions that offer additional features. The
          latest versions of Saxon support both <acronym>XSLT</acronym> 1.0
          and 2.0.</para>

          <para><uri xlink:href="http://saxon.sourceforge.net/">http://saxon.sourceforge.net/</uri></para>
        </listitem>
      </varlistentry>

      <varlistentry>
        <term>xsltproc</term>

        <listitem>
          <para><indexterm>
              <primary>xsltproc</primary>
            </indexterm><indexterm>
              <primary>XSLT processor</primary>

              <secondary>xsltproc</secondary>
            </indexterm>Xsltproc is an open source <acronym>XSLT</acronym>
          processor that supports <acronym>XSLT</acronym> 1.0.</para>

          <para><uri xlink:href="http://xmlsoft.org/XSLT/xsltproc2.html">http://xmlsoft.org/XSLT/xsltproc2.html</uri></para>
        </listitem>
      </varlistentry>

      <varlistentry>
        <term>&lt;oXygen/&gt; XML Editor</term>

        <listitem>
          <para><indexterm>
              <primary sortas="oxygen">&lt;oXygen/&gt;</primary>
            </indexterm><indexterm>
              <primary>XML editor</primary>

              <secondary sortas="oxygen">&lt;oXygen/&gt;</secondary>
            </indexterm>The &lt;oXygen/&gt; XML Editor is a popular commercial
          editor. The latest versions support DocBook <acronym>V5.0</acronym>,
          including both the RELAX NG and Schematron rules. It is also
          integrated with the DocBook stylesheets.</para>

          <para><uri xlink:href="http://oxygenxml.com">http://oxygenxml.com</uri></para>
        </listitem>
      </varlistentry>

      <varlistentry>
        <term>XMLmind XML Editor (<acronym>XXE</acronym>)</term>

        <listitem>
          <para><indexterm>
              <primary>XMLmind</primary>
            </indexterm><indexterm>
              <primary>XML editor</primary>

              <secondary>XMLmind</secondary>
            </indexterm>The XMLmind XML Editor is a popular commercial editor
          that comes in two varieties, a personal edition and a professional
          edition. The personal edition is free for non-commercial use. Both
          versions support DocBook <acronym>V5.0</acronym>.</para>

          <para><uri xlink:href="http://www.xmlmind.com/xmleditor/">http://www.xmlmind.com/xmleditor/</uri></para>
        </listitem>
      </varlistentry>
    </variablelist>
  </section>
</appendix>