<?xml version="1.0" encoding="utf-8"?>
<appendix xmlns="http://docbook.org/ns/docbook" version="5.0" xml:id="app-interchange">
<?dbhtml filename="appf.html"?>
<info>
  <title>Interchanging DocBook Documents</title>
  <pubdate>$Date$</pubdate>
  <releaseinfo>$Revision$</releaseinfo>
</info>

<para><indexterm class="startofrange" xml:id="DocBookinterchangeappf">
      <primary>DocBook</primary>

      <secondary>documents</secondary>

      <tertiary>interchange</tertiary>
    </indexterm><indexterm class="startofrange" xml:id="DocBookinterchangeappf-2">
      <primary>interchange</primary>

      <secondary>documents</secondary>
    </indexterm><indexterm class="startofrange" xml:id="questionappf">
      <primary>questionnaire, document interchange</primary>
    </indexterm>One of the early factors that motivated the development of
  DocBook was the desire for companies to interchange documents. In
  particular, <acronym>UNIX</acronym> vendors wanted to be able to interchange
  common <acronym>UNIX</acronym> documentation.</para>

  <para>A great deal of effort went into making sure that DocBook could handle
  most (probably all) of the documents that were likely to be exchanged. This
  avoids the guaranteed problem of interchanging documents created with
  extended schemas.</para>

  <para>However, simply using DocBook or a subset of it is not enough to
  ensure successful interchange. If you send someone your DocBook files, you
  must also tell the recipient about the markup your documents use, any
  additional markup conventions, and any processing expectations that impose
  constraints.</para>

  <para>This appendix provides a sample interchange questionnaire to help draw
  your attention to those areas that might cause problems.</para>

  <para>For maximum portability, delivered DocBook documents should be
  accompanied by a filled-out interchange questionnaire. Because each
  situation is unique, you may need to supply additional information (such as
  layout specifications) in order to deliver a complete package.</para>

  <bridgehead>DocBook and <acronym>XML</acronym> Usage</bridgehead>

  <orderedlist continuation="restarts" inheritnum="ignore">
    <listitem>
      <para>What version of the schema are you using?</para>
    </listitem>

    <listitem>
      <para>Did you use any markup features of the schema that have been
      flagged as obsolete (to be removed at the next major version of
      DocBook)? If so, which ones?</para>
    </listitem>

    <listitem>
      <para>Did you extend DocBook in any way, inside or outside the provided
      customization mechanisms? How? All extensions must be negotiated with
      the recipient.</para>
    </listitem>

    <listitem>
      <para>Did you remove markup from DocBook to create a subset? If you used
      a subset of DocBook, supply the subset you used.</para>
    </listitem>

    <listitem>
      <para>Did you use the supplied catalog or another one, or none at all?
      If you used a catalog other than the one supplied, provide it.</para>
    </listitem>

    <listitem>
      <para>Did you use <acronym>SVG</acronym>, MathML, XInclude, XLink, or
      any other <acronym>XML</acronym> schema?</para>
    </listitem>

    <listitem>
      <para>If you used XLink, are the XPointers that you used in <att>xlink:href</att>
      attributes supported?</para>
    </listitem>

    <listitem>
      <para>Did you use character sets other than <acronym>UTF-8</acronym>? If
      so, which ones? How did you use them?</para>
    </listitem>
  </orderedlist>

  <bridgehead>Processing Requirements and Markup Interpretation</bridgehead>

  <orderedlist continuation="continues" inheritnum="ignore">
    <listitem>
      <para>What formatting that you applied do you require your interchange
      partner to apply? For example, where and how must text be generated in
      order for the documents to make sense?</para>
    </listitem>

    <listitem>
      <para>Did you supply your stylesheet and information regarding its
      format and version?</para>
    </listitem>

    <listitem>
      <para>How did you create tables of contents, lists of titles, and
      indexes? Are they stored in DocBook form? If so, did you generate them
      (and according to what rules) or create them by hand?</para>
    </listitem>

    <listitem>
      <para>If you used the <tag class="attribute">xml:lang</tag>
      common attribute, why, and to what effect?</para>
    </listitem>

    <listitem>
      <para>If you used the <tag class="attribute">remap</tag> common
      attribute, why, and to what effect?</para>
    </listitem>

    <listitem>
      <para>If you used the <tag class="attribute">role</tag> common
      attribute, why, and to what effect?</para>
    </listitem>

    <listitem>
      <para>If you used the effectivity attributes, which did you use, why,
      and to what effect?</para>
    </listitem>

    <listitem>
      <para>What values did you give to the <tag class="attribute">label</tag> attribute and how are they to be
      interpreted for rendering?</para>
    </listitem>

    <listitem>
      <para>What values did you give to the <tag class="attribute">mark</tag> and <tag class="attribute">override</tag> attributes for lists and how are
      they to be interpreted for rendering?</para>
    </listitem>

    <listitem>
      <para>Did you use the <tag class="attribute">renderas</tag>
      attribute on sections and/or <tag>bridgehead</tag>s?</para>
    </listitem>

    <listitem>
      <para>Did you supply all keyword values you used for attributes whose
      declared values are not enumerated tokens, along with the expected
      processing for the occurrence of each keyword?</para>
    </listitem>

    <listitem>
      <para>Did you use markup to control width, size, and/or positioning
      settings (such as <quote>fold-out</quote> or <quote>centered</quote>)
      for graphics, line specific regions, and tables? If so, how?</para>
    </listitem>

    <listitem>
      <para>For rendering of <tag>sidebar</tag>s, must these appear in
      the flow of the text where they appear in your files, or may they
      float?</para>
    </listitem>

    <listitem>
      <para>Did you use <tag>callout</tag>s? If so, what are the
      processing expectations for callout marks?</para>
    </listitem>

    <listitem>
      <para>Did you use <tag>itemizedlist</tag>s? If so, what are the
      processing expectations for the marks on list items and nested
      lists?</para>
    </listitem>

    <listitem>
      <para>For <tag>mediaobject</tag> and
      <tag>inlinemediaobject</tag>, what method(s) did you use for
      providing graphic data: element content, <tag class="attribute">fileref</tag> attribute, or <tag class="attribute">entityref</tag> attribute?</para>
    </listitem>

    <listitem>
      <para>For <tag>mediaobject</tag> and
      <tag>inlinemediaobject</tag>, what method(s) did you use for
      selecting between alternative presentations?</para>
    </listitem>

    <listitem>
      <para>How did you specify column widths in tables? Did you use vertical
      spans? Did you use horizontal spans?</para>
    </listitem>

    <listitem>
      <para>Did you use <tag>entrytbl</tag>s?</para>
    </listitem>

    <listitem>
      <para>If you used the <tag class="attribute">type</tag>
      attribute on the link elements, why, and to what effect?</para>
    </listitem>

    <listitem>
      <para>If you used the <tag>xref</tag>, do your interchange
      partners need additional information about the semantics of the link?
      Have you provided it, perhaps with <tag class="attribute">role</tag>?</para>
    </listitem>

    <listitem>
      <para>Did you use the <tag class="attribute">subject</tag>
      attribute on <tag>glossdef</tag>? If so, did you use a thesaurus
      of terms? If so, what is it?</para>
    </listitem>

    <listitem>
      <para>If you used the <tag class="attribute">class</tag>
      attribute on <tag>refmiscinfo</tag>, why and to what
      effect?</para>
    </listitem>

    <listitem>
      <para>If you used <tag>link</tag> and provided
      <acronym>URL</acronym>s that are queries, what back-end processing is
      required to resolve those queries?</para>
    </listitem>

    <listitem>
      <para>Is there a <tag class="attribute">fileref</tag> or
      <tag class="attribute">entityref</tag> attribute on every
      <tag>audiodata</tag>, <tag>imagedata</tag>, and
      <tag>videodata</tag> element. If one is not present, what is the
      expectation?</para>
    </listitem>

    <listitem>
      <para>If your <tag>bibliography</tag>s or
      <tag>glossary</tag>s have special processing expectations, such
      as the ability to display only those entries that are cited, have you
      described them?</para>
    </listitem>

    <listitem>
      <para>If your <tag>bibliography</tag>s contain
      <tag>biblioentry</tag>s, what are the processing expectations?
      Which fields are selected for display? What punctuation is added, and
      where?</para>
    </listitem>

    <listitem>
      <para>Do <tag>glossterm</tag>s or other elements have implicit
      linking relationships that must be obeyed or handled in
      presentation?</para>
    </listitem>

    <listitem>
      <para>Did you use any processing instructions? Why and what for? Are
      they in entities?</para>
    </listitem>

    <listitem>
      <para>What copy fitting have you already done, and for what
      outputs?</para>
    </listitem>

    <listitem>
      <para>Are the <tag>revision</tag>s in your
      <tag>revhistory</tag>s sorted in any particular way?</para>
    </listitem>

    <listitem>
      <para>If you use any of the <tag role="nonexistant">*synopsis</tag> elements,
      describe how you define and markup <quote>arguments,</quote>
      <quote>options,</quote> <quote>parameters,</quote> etc.</para>
    </listitem>
  </orderedlist>

  <bridgehead>Assemblies</bridgehead>

  <para>FIXME: complete this list.</para>

  <orderedlist>
    <listitem>
      <para>Are you prepared for all the different types of <tag>relationship</tag>
      that your interchange parterns have used?</para>
    </listitem>
    <listitem>
      <para>Are you prepared for all the different types of <tag>transform</tag>s
      that your interchange parterns have used?</para>
    </listitem>
  </orderedlist>

  <bridgehead>Miscellaneous</bridgehead>

  <orderedlist continuation="continues" inheritnum="ignore">
    <listitem>
      <para>Have you checked your files for viruses?</para>
    </listitem>

    <listitem>
      <para>If you used <tag>bridgehead</tag>, have you joined a
      recovery support group?<indexterm class="endofrange" startref="DocBookinterchangeappf-2"/><indexterm class="endofrange" startref="DocBookinterchangeappf"/><indexterm class="endofrange" startref="questionappf"/></para>
    </listitem>
  </orderedlist>
</appendix>