<book xmlns='http://docbook.org/ns/docbook'
      xmlns:xi='http://www.w3.org/2001/XInclude'
      xml:id="docbook">
<?dbhtml filename="index.html" navigation="false"?>
<xi:include href="../build/bookinfo.xml"/>

<xi:include href="ch00-online.xml"/>
<xi:include href="ch00.xml"/>

<part xml:id="docbook-intro">
<?dbhtml filename="part1.html"?>
<title>Introduction</title>

<xi:include href="ch01.xml"/>
<xi:include href="ch02.xml"/>
<xi:include href="ch03.xml"/>
<xi:include href="ch04.xml"/>
<xi:include href="ch05.xml"/>
<xi:include href="ch06.xml"/>

</part>

<xi:include href="../build/references.xml"/>

<part xml:id="docbook-apps">
<?dbhtml filename="part3.html"?>
<title>Appendixes</title>

<xi:include href="appa.xml"/>
<xi:include href="appb.xml"/>
<xi:include href="appc.xml"/>
<xi:include href="appd.xml"/>
<xi:include href="appe.xml"/>

</part>

<xi:include href="glossary.xml"/>
<xi:include href="index.xml"/>
<xi:include href="colophon.xml"/>

</book>
