<?xml version="1.0" encoding="utf-8"?>
<info xmlns="http://docbook.org/ns/docbook"
      xmlns:xlink="http://www.w3.org/1999/xlink">
    <title>DocBook 5.2: The Definitive Guide</title>
    <edition>2</edition>
    <biblioid class="isbn">9780596805029</biblioid>
    <author>
      <personname>
	<firstname>Norman</firstname><surname>Walsh</surname>
      </personname>
    </author>
    <editor>
      <personname>
	<firstname>Richard</firstname><surname>Hamilton</surname>
      </personname>
    </editor>
    <othercredit class="productioneditor">
      <personname>
        <firstname>Sarah</firstname><surname>Schneider</surname>
      </personname>
    </othercredit>
    <othercredit class="other" otherclass="proofreader">
      <personname>
        <firstname>Audrey</firstname><surname>Doyle</surname>
      </personname>
    </othercredit>
    <othercredit class="other" otherclass="indexer">
      <personname>
        <firstname>Ellen Troutman</firstname><surname>Zaig</surname>
      </personname>
    </othercredit>
    <othercredit class="other" otherclass="coverdesigner">
      <personname>
        <firstname>Karen</firstname><surname>Montgomery</surname>
      </personname>
    </othercredit>
    <othercredit class="other" otherclass="interiordesigner">
      <personname>
        <firstname>David</firstname><surname>Futato</surname>
      </personname>
    </othercredit>
    <othercredit class="other" otherclass="illustrator">
      <personname>
        <firstname>Robert</firstname><surname>Romano</surname>
      </personname>
    </othercredit>
    <publisher>
      <publishername>O'Reilly Media, Inc.</publishername>
      <address><city>Beijing</city></address>
      <address><city>Cambridge</city></address>
      <address><city>Farnham</city></address>
      <address><city>Köln</city></address>
      <address><city>Sebastopol</city></address>
      <address><city>Taipei</city></address>
      <address><city>Tokyo</city></address>
    </publisher>
    <printhistory>
      <para>April 2010: DocBook 5: The Definitive Guide.</para>
      <para>October 1999: DocBook: The Definitive Guide.</para>
    </printhistory>
    <releaseinfo>{$bookVersion} for DocBook {$docbookVersion}</releaseinfo>
    <releaseinfo role="icon">http://docbook.org/graphics/defguide-icon16.png</releaseinfo>
    <releaseinfo role="backcover" condition="web">figs/web/coverback.png</releaseinfo>
    <releaseinfo role="nav-home" condition="web">figs/web/nav/home-defguide.png</releaseinfo>
    <pubdate>{$pubDate}</pubdate>

<legalnotice>
<literallayout><citetitle>DocBook 5: The Definitive Guide</citetitle>
Copyright © 2010, 2011, 2012, 2013, 2014, 2015, 2016 Norman Walsh.
All Rights Reserved.<phrase condition='print'>
Printed in the United States of America.</phrase></literallayout>

<para>Published by O'Reilly Media, Inc.,
1005 Gravenstein Highway North, Sebastopol, CA 95472.</para>

<para>O'Reilly books may be purchased for educational, business, or
sales promotional use. Online editions are also available for most
titles (<link xlink:href="http://my.safaribooksonline.com"/>). For
more information, contact our corporate/institutional sales
department: 800-998-9938 or
<link xlink:href="mailto:corporate@oreilly.com">corporate@oreilly.com</link>.</para>

<para>Permission is granted to copy, distribute and/or modify this
document under the terms of the GNU Free Documentation License,
Version 1.1 or any later version published by the Free Software
Foundation.
A copy of the license is included in <xref linkend="gfdl"/>.</para>
</legalnotice>

<legalnotice>
<para>O'Reilly and the O'Reilly logo are registered trademarks of
O’Reilly Media, Inc. <citetitle>DocBook 5: The Definitive
Guide</citetitle>, the image of a wood duck, and related trade dress
are trademarks of O'Reilly Media, Inc.</para>

<para>Many of the designations used by manufacturers and sellers to
distinguish their products are claimed as trademarks. Where those
designations appear in this book, and O’Reilly Media, Inc. was aware
of a trademark claim, the designations have been printed in caps or
initial caps.</para>

<para>While every precaution has been taken in the preparation of this
book, the publisher and author assume no responsibility for errors or
omissions, or for damages resulting from the use of the information
contained herein.</para>
</legalnotice>

<copyright>
<year>2010</year>
<year>2011</year>
<year>2012</year>
<year>2013</year>
<year>2014</year>
<year>2015</year>
<year>2016</year>
<holder>Norman Walsh</holder>
</copyright>

<mediaobject condition="web">
  <imageobject>
    <imagedata fileref="figs/web/cover52.png" align="left"/>
  </imageobject>
</mediaobject>
</info>
