<?xml version="1.0" encoding="UTF-8"?>
<preface xmlns="http://docbook.org/ns/docbook"
	 xmlns:xlink="http://www.w3.org/1999/xlink"
	 version="5.0" xml:id="preface-online">
<?dbhtml filename="ch00-online.html"?>
<info>
  <title>Preface to the DocBook V5.2 Edition</title>
</info>

<para><citetitle>DocBook 5: The Definitive Guide</citetitle> as you
see it on this site tracks the most current development
release of DocBook, at the moment, that's DocBook V5.2b1.</para>

<para>The current
<link xlink:href="http://oreilly.com/catalog/9780596805012/">O'Reilly
edition</link> covers DocBook V5.0, the OASIS Standard.</para>

<para>If you're using DocBook V5.0, you will find some things in this
online text which are new or different from the OASIS Standard
release.</para>

<section xml:id="changes-in-52">
<title>Summary of Changes in DocBook V5.2</title>

<para>This section summarizes the changes made since DocBook V5.0.</para>

<para>FIXME: This needs to be updated</para>

<para>Added a <tag>danger</tag> element.</para>
<para>Added more block elements to <tag>abstract</tag>.</para>
</section>

</preface>
