<book xmlns='http://docbook.org/ns/docbook'
      xmlns:xi='http://www.w3.org/2001/XInclude'
      xml:id="docbook">
  <xi:include href="ch00-online.xml"/>
  <xi:include href="ch00.xml"/>
  <xi:include href="ch01.xml"/>
  <xi:include href="ch02.xml"/>
  <xi:include href="ch03.xml"/>
  <xi:include href="ch04.xml"/>
  <xi:include href="ch05.xml"/>
  <xi:include href="ch06.xml"/>
  <xi:include href="appa.xml"/>
  <xi:include href="appb.xml"/>
  <xi:include href="appc.xml"/>
  <xi:include href="appd.xml"/>
  <xi:include href="appe.xml"/>
  <xi:include href="glossary.xml"/>
  <xi:include href="index.xml"/>
  <xi:include href="colophon.xml"/>
</book>
